[0.000000] (-) TimerEvent: {}
[0.000356] (-) JobUnselected: {'identifier': 'i2c_pwm_board'}
[0.000405] (-) JobUnselected: {'identifier': 'i2c_pwm_board_calibration'}
[0.000431] (-) JobUnselected: {'identifier': 'i2c_pwm_board_msgs'}
[0.000477] (-) JobUnselected: {'identifier': 'i2c_pwm_board_xmlrp'}
[0.000566] (-) JobUnselected: {'identifier': 'xmlrpcpp'}
[0.000592] (quadruped_controller) JobQueued: {'identifier': 'quadruped_controller', 'dependencies': OrderedDict()}
[0.000826] (quadruped_controller) JobStarted: {'identifier': 'quadruped_controller'}
[0.010641] (quadruped_controller) JobProgress: {'identifier': 'quadruped_controller', 'progress': 'cmake'}
[0.011752] (quadruped_controller) Command: {'cmd': ['/usr/bin/cmake', '/home/ubuntu/pi-dog_ws/src/quadruped_controller', '-DCMAKE_INSTALL_PREFIX=/home/ubuntu/pi-dog_ws/install/quadruped_controller'], 'cwd': '/home/ubuntu/pi-dog_ws/build/quadruped_controller', 'env': OrderedDict({'LESSOPEN': '| /usr/bin/lesspipe %s', 'USER': 'ubuntu', 'SSH_CLIENT': '192.168.1.103 51813 22', 'XDG_SESSION_TYPE': 'tty', 'GIT_ASKPASS': '/home/ubuntu/.vscode-server/cli/servers/Stable-8b640eef5a6c6089c029249d48efa5c99adf7d51/server/extensions/git/dist/askpass.sh', 'SHLVL': '1', 'LD_LIBRARY_PATH': '/home/ubuntu/pi-dog_ws/install/i2c_pwm_board_xmlrp/lib:/home/ubuntu/pi-dog_ws/install/xmlrpcpp/lib:/home/ubuntu/pi-dog_ws/install/i2c_pwm_board_msgs/lib:/opt/ros/jazzy/lib/aarch64-linux-gnu:/opt/ros/jazzy/lib', 'BROWSER': '/home/ubuntu/.vscode-server/cli/servers/Stable-8b640eef5a6c6089c029249d48efa5c99adf7d51/server/bin/helpers/browser.sh', 'HOME': '/home/ubuntu', 'TERM_PROGRAM_VERSION': '1.119.0', 'VSCODE_IPC_HOOK_CLI': '/run/user/1000/vscode-ipc-89545bbf-21d2-4266-aad8-7b01b1d71443.sock', 'ROS_PYTHON_VERSION': '3', 'VSCODE_GIT_ASKPASS_MAIN': '/home/ubuntu/.vscode-server/cli/servers/Stable-8b640eef5a6c6089c029249d48efa5c99adf7d51/server/extensions/git/dist/askpass-main.js', 'VSCODE_GIT_ASKPASS_NODE': '/home/ubuntu/.vscode-server/cli/servers/Stable-8b640eef5a6c6089c029249d48efa5c99adf7d51/server/node', 'VSCODE_PYTHON_AUTOACTIVATE_GUARD': '1', 'DBUS_SESSION_BUS_ADDRESS': 'unix:path=/run/user/1000/bus', 'COLORTERM': 'truecolor', 'COLCON_PREFIX_PATH': '/home/ubuntu/pi-dog_ws/install', 'ROS_DISTRO': 'jazzy', 'LOGNAME': 'ubuntu', '_': '/usr/bin/colcon', 'ROS_VERSION': '2', 'XDG_SESSION_CLASS': 'user', 'TERM': 'xterm-256color', 'XDG_SESSION_ID': '1', 'PATH': '/home/ubuntu/.vscode-server/data/User/globalStorage/github.copilot-chat/debugCommand:/home/ubuntu/.vscode-server/data/User/globalStorage/github.copilot-chat/copilotCli:/home/ubuntu/.vscode-server/cli/servers/Stable-8b640eef5a6c6089c029249d48efa5c99adf7d51/server/bin/remote-cli:/opt/ros/jazzy/bin:/usr/local/sbin:/usr/local/bin:/usr/sbin:/usr/bin:/sbin:/bin:/usr/games:/usr/local/games:/snap/bin', 'XDG_RUNTIME_DIR': '/run/user/1000', 'LANG': 'en_US.UTF-8', 'LS_COLORS': 'rs=0:di=01;34:ln=01;36:mh=00:pi=40;33:so=01;35:do=01;35:bd=40;33;01:cd=40;33;01:or=40;31;01:mi=00:su=37;41:sg=30;43:ca=00:tw=30;42:ow=34;42:st=37;44:ex=01;32:*.tar=01;31:*.tgz=01;31:*.arc=01;31:*.arj=01;31:*.taz=01;31:*.lha=01;31:*.lz4=01;31:*.lzh=01;31:*.lzma=01;31:*.tlz=01;31:*.txz=01;31:*.tzo=01;31:*.t7z=01;31:*.zip=01;31:*.z=01;31:*.dz=01;31:*.gz=01;31:*.lrz=01;31:*.lz=01;31:*.lzo=01;31:*.xz=01;31:*.zst=01;31:*.tzst=01;31:*.bz2=01;31:*.bz=01;31:*.tbz=01;31:*.tbz2=01;31:*.tz=01;31:*.deb=01;31:*.rpm=01;31:*.jar=01;31:*.war=01;31:*.ear=01;31:*.sar=01;31:*.rar=01;31:*.alz=01;31:*.ace=01;31:*.zoo=01;31:*.cpio=01;31:*.7z=01;31:*.rz=01;31:*.cab=01;31:*.wim=01;31:*.swm=01;31:*.dwm=01;31:*.esd=01;31:*.avif=01;35:*.jpg=01;35:*.jpeg=01;35:*.mjpg=01;35:*.mjpeg=01;35:*.gif=01;35:*.bmp=01;35:*.pbm=01;35:*.pgm=01;35:*.ppm=01;35:*.tga=01;35:*.xbm=01;35:*.xpm=01;35:*.tif=01;35:*.tiff=01;35:*.png=01;35:*.svg=01;35:*.svgz=01;35:*.mng=01;35:*.pcx=01;35:*.mov=01;35:*.mpg=01;35:*.mpeg=01;35:*.m2v=01;35:*.mkv=01;35:*.webm=01;35:*.webp=01;35:*.ogm=01;35:*.mp4=01;35:*.m4v=01;35:*.mp4v=01;35:*.vob=01;35:*.qt=01;35:*.nuv=01;35:*.wmv=01;35:*.asf=01;35:*.rm=01;35:*.rmvb=01;35:*.flc=01;35:*.avi=01;35:*.fli=01;35:*.flv=01;35:*.gl=01;35:*.dl=01;35:*.xcf=01;35:*.xwd=01;35:*.yuv=01;35:*.cgm=01;35:*.emf=01;35:*.ogv=01;35:*.ogx=01;35:*.aac=00;36:*.au=00;36:*.flac=00;36:*.m4a=00;36:*.mid=00;36:*.midi=00;36:*.mka=00;36:*.mp3=00;36:*.mpc=00;36:*.ogg=00;36:*.ra=00;36:*.wav=00;36:*.oga=00;36:*.opus=00;36:*.spx=00;36:*.xspf=00;36:*~=00;90:*#=00;90:*.bak=00;90:*.crdownload=00;90:*.dpkg-dist=00;90:*.dpkg-new=00;90:*.dpkg-old=00;90:*.dpkg-tmp=00;90:*.old=00;90:*.orig=00;90:*.part=00;90:*.rej=00;90:*.rpmnew=00;90:*.rpmorig=00;90:*.rpmsave=00;90:*.swp=00;90:*.tmp=00;90:*.ucf-dist=00;90:*.ucf-new=00;90:*.ucf-old=00;90:', 'VSCODE_GIT_IPC_HANDLE': '/run/user/1000/vscode-git-2a2f4df169.sock', 'TERM_PROGRAM': 'vscode', 'AMENT_PREFIX_PATH': '/home/ubuntu/pi-dog_ws/install/i2c_pwm_board:/home/ubuntu/pi-dog_ws/install/i2c_pwm_board_xmlrp:/home/ubuntu/pi-dog_ws/install/xmlrpcpp:/home/ubuntu/pi-dog_ws/install/i2c_pwm_board_msgs:/opt/ros/jazzy', 'SHELL': '/bin/bash', 'LESSCLOSE': '/usr/bin/lesspipe %s %s', 'ROS_AUTOMATIC_DISCOVERY_RANGE': 'SUBNET', 'VSCODE_GIT_ASKPASS_EXTRA_ARGS': '', 'PWD': '/home/ubuntu/pi-dog_ws/build/quadruped_controller', 'LC_ALL': 'en_US.UTF-8', 'SSH_CONNECTION': '192.168.1.103 51813 192.168.1.102 22', 'XDG_DATA_DIRS': '/usr/local/share:/usr/share:/var/lib/snapd/desktop', 'PYTHONPATH': '/home/ubuntu/pi-dog_ws/install/i2c_pwm_board_msgs/lib/python3.12/site-packages:/opt/ros/jazzy/lib/python3.12/site-packages', 'COLCON': '1', 'CMAKE_PREFIX_PATH': '/home/ubuntu/pi-dog_ws/install/i2c_pwm_board:/home/ubuntu/pi-dog_ws/install/i2c_pwm_board_xmlrp:/home/ubuntu/pi-dog_ws/install/xmlrpcpp:/home/ubuntu/pi-dog_ws/install/quadruped_controller:/home/ubuntu/pi-dog_ws/install/i2c_pwm_board_msgs:/opt/ros/jazzy'}), 'shell': False}
[0.039225] (quadruped_controller) StdoutLine: {'line': b'-- Found ament_cmake: 2.5.6 (/opt/ros/jazzy/share/ament_cmake/cmake)\n'}
[0.099699] (-) TimerEvent: {}
[0.200075] (-) TimerEvent: {}
[0.300469] (-) TimerEvent: {}
[0.363078] (quadruped_controller) StdoutLine: {'line': b'-- Found rclcpp: 28.1.18 (/opt/ros/jazzy/share/rclcpp/cmake)\n'}
[0.395333] (quadruped_controller) StdoutLine: {'line': b'-- Found rosidl_generator_c: 4.6.7 (/opt/ros/jazzy/share/rosidl_generator_c/cmake)\n'}
[0.400521] (-) TimerEvent: {}
[0.408782] (quadruped_controller) StdoutLine: {'line': b'-- Found rosidl_generator_cpp: 4.6.7 (/opt/ros/jazzy/share/rosidl_generator_cpp/cmake)\n'}
[0.425146] (quadruped_controller) StdoutLine: {'line': b'-- Using all available rosidl_typesupport_c: rosidl_typesupport_fastrtps_c;rosidl_typesupport_introspection_c\n'}
[0.444523] (quadruped_controller) StdoutLine: {'line': b'-- Using all available rosidl_typesupport_cpp: rosidl_typesupport_fastrtps_cpp;rosidl_typesupport_introspection_cpp\n'}
[0.500676] (-) TimerEvent: {}
[0.587898] (quadruped_controller) StdoutLine: {'line': b'-- Found rmw_implementation_cmake: 7.3.3 (/opt/ros/jazzy/share/rmw_implementation_cmake/cmake)\n'}
[0.589931] (quadruped_controller) StdoutLine: {'line': b'-- Found rmw_fastrtps_cpp: 8.4.3 (/opt/ros/jazzy/share/rmw_fastrtps_cpp/cmake)\n'}
[0.600766] (-) TimerEvent: {}
[0.678283] (quadruped_controller) StdoutLine: {'line': b"-- Using RMW implementation 'rmw_fastrtps_cpp' as default\n"}
[0.700910] (-) TimerEvent: {}
[0.803951] (-) TimerEvent: {}
[0.818994] (quadruped_controller) StdoutLine: {'line': b'-- Found std_msgs: 5.3.7 (/opt/ros/jazzy/share/std_msgs/cmake)\n'}
[0.837582] (quadruped_controller) StdoutLine: {'line': b'-- Found i2c_pwm_board_msgs: 0.1.0 (/home/ubuntu/pi-dog_ws/install/i2c_pwm_board_msgs/share/i2c_pwm_board_msgs/cmake)\n'}
[0.861087] (quadruped_controller) StdoutLine: {'line': b'-- Found geometry_msgs: 5.3.7 (/opt/ros/jazzy/share/geometry_msgs/cmake)\n'}
[0.884203] (quadruped_controller) StdoutLine: {'line': b'-- Found tf2: 0.36.20 (/opt/ros/jazzy/share/tf2/cmake)\n'}
[0.891026] (quadruped_controller) StdoutLine: {'line': b'-- Found tf2_ros: 0.36.20 (/opt/ros/jazzy/share/tf2_ros/cmake)\n'}
[0.904024] (-) TimerEvent: {}
[1.004284] (-) TimerEvent: {}
[1.087879] (quadruped_controller) StdoutLine: {'line': b'-- Found tf2_eigen: 0.36.20 (/opt/ros/jazzy/share/tf2_eigen/cmake)\n'}
[1.104391] (-) TimerEvent: {}
[1.109520] (quadruped_controller) StdoutLine: {'line': b'-- Found tf2_geometry_msgs: 0.36.20 (/opt/ros/jazzy/share/tf2_geometry_msgs/cmake)\n'}
[1.132074] (quadruped_controller) StdoutLine: {'line': b'-- Found eigen3_cmake_module: 0.3.0 (/opt/ros/jazzy/share/eigen3_cmake_module/cmake)\n'}
[1.133964] (quadruped_controller) StdoutLine: {'line': b'-- Found Eigen3: TRUE (found version "3.4.0") \n'}
[1.134155] (quadruped_controller) StdoutLine: {'line': b'-- Ensuring Eigen3 include directory is part of orocos-kdl CMake target\n'}
[1.143806] (quadruped_controller) StdoutLine: {'line': b'-- Found ament_lint_auto: 0.17.5 (/opt/ros/jazzy/share/ament_lint_auto/cmake)\n'}
[1.204503] (-) TimerEvent: {}
[1.304841] (-) TimerEvent: {}
[1.312378] (quadruped_controller) StdoutLine: {'line': b"-- Added test 'cppcheck' to perform static code analysis on C / C++ code\n"}
[1.312957] (quadruped_controller) StdoutLine: {'line': b'-- Configured cppcheck include dirs: /home/ubuntu/pi-dog_ws/src/quadruped_controller/include;/home/ubuntu/pi-dog_ws/src/quadruped_controller/include/spot_micro_motion_cmd;/home/ubuntu/pi-dog_ws/src/quadruped_controller/src/motion_cmd/smfsm;$<BUILD_INTERFACE:/home/ubuntu/pi-dog_ws/src/quadruped_controller/include>\n'}
[1.313102] (quadruped_controller) StdoutLine: {'line': b'-- Configured cppcheck exclude dirs and/or files: \n'}
[1.314742] (quadruped_controller) StdoutLine: {'line': b"-- Added test 'lint_cmake' to check CMake code style\n"}
[1.317716] (quadruped_controller) StdoutLine: {'line': b"-- Added test 'uncrustify' to check C / C++ code style\n"}
[1.317852] (quadruped_controller) StdoutLine: {'line': b'-- Configured uncrustify additional arguments: \n'}
[1.318720] (quadruped_controller) StdoutLine: {'line': b"-- Added test 'xmllint' to check XML markup files\n"}
[1.320820] (quadruped_controller) StdoutLine: {'line': b'-- Configuring done (1.3s)\n'}
[1.350204] (quadruped_controller) StdoutLine: {'line': b'-- Generating done (0.0s)\n'}
[1.357271] (quadruped_controller) StdoutLine: {'line': b'-- Build files have been written to: /home/ubuntu/pi-dog_ws/build/quadruped_controller\n'}
[1.371325] (quadruped_controller) CommandEnded: {'returncode': 0}
[1.372031] (quadruped_controller) JobProgress: {'identifier': 'quadruped_controller', 'progress': 'build'}
[1.372767] (quadruped_controller) Command: {'cmd': ['/usr/bin/cmake', '--build', '/home/ubuntu/pi-dog_ws/build/quadruped_controller', '--', '-j4', '-l4'], 'cwd': '/home/ubuntu/pi-dog_ws/build/quadruped_controller', 'env': OrderedDict({'LESSOPEN': '| /usr/bin/lesspipe %s', 'USER': 'ubuntu', 'SSH_CLIENT': '192.168.1.103 51813 22', 'XDG_SESSION_TYPE': 'tty', 'GIT_ASKPASS': '/home/ubuntu/.vscode-server/cli/servers/Stable-8b640eef5a6c6089c029249d48efa5c99adf7d51/server/extensions/git/dist/askpass.sh', 'SHLVL': '1', 'LD_LIBRARY_PATH': '/home/ubuntu/pi-dog_ws/install/i2c_pwm_board_xmlrp/lib:/home/ubuntu/pi-dog_ws/install/xmlrpcpp/lib:/home/ubuntu/pi-dog_ws/install/i2c_pwm_board_msgs/lib:/opt/ros/jazzy/lib/aarch64-linux-gnu:/opt/ros/jazzy/lib', 'BROWSER': '/home/ubuntu/.vscode-server/cli/servers/Stable-8b640eef5a6c6089c029249d48efa5c99adf7d51/server/bin/helpers/browser.sh', 'HOME': '/home/ubuntu', 'TERM_PROGRAM_VERSION': '1.119.0', 'VSCODE_IPC_HOOK_CLI': '/run/user/1000/vscode-ipc-89545bbf-21d2-4266-aad8-7b01b1d71443.sock', 'ROS_PYTHON_VERSION': '3', 'VSCODE_GIT_ASKPASS_MAIN': '/home/ubuntu/.vscode-server/cli/servers/Stable-8b640eef5a6c6089c029249d48efa5c99adf7d51/server/extensions/git/dist/askpass-main.js', 'VSCODE_GIT_ASKPASS_NODE': '/home/ubuntu/.vscode-server/cli/servers/Stable-8b640eef5a6c6089c029249d48efa5c99adf7d51/server/node', 'VSCODE_PYTHON_AUTOACTIVATE_GUARD': '1', 'DBUS_SESSION_BUS_ADDRESS': 'unix:path=/run/user/1000/bus', 'COLORTERM': 'truecolor', 'COLCON_PREFIX_PATH': '/home/ubuntu/pi-dog_ws/install', 'ROS_DISTRO': 'jazzy', 'LOGNAME': 'ubuntu', '_': '/usr/bin/colcon', 'ROS_VERSION': '2', 'XDG_SESSION_CLASS': 'user', 'TERM': 'xterm-256color', 'XDG_SESSION_ID': '1', 'PATH': '/home/ubuntu/.vscode-server/data/User/globalStorage/github.copilot-chat/debugCommand:/home/ubuntu/.vscode-server/data/User/globalStorage/github.copilot-chat/copilotCli:/home/ubuntu/.vscode-server/cli/servers/Stable-8b640eef5a6c6089c029249d48efa5c99adf7d51/server/bin/remote-cli:/opt/ros/jazzy/bin:/usr/local/sbin:/usr/local/bin:/usr/sbin:/usr/bin:/sbin:/bin:/usr/games:/usr/local/games:/snap/bin', 'XDG_RUNTIME_DIR': '/run/user/1000', 'LANG': 'en_US.UTF-8', 'LS_COLORS': 'rs=0:di=01;34:ln=01;36:mh=00:pi=40;33:so=01;35:do=01;35:bd=40;33;01:cd=40;33;01:or=40;31;01:mi=00:su=37;41:sg=30;43:ca=00:tw=30;42:ow=34;42:st=37;44:ex=01;32:*.tar=01;31:*.tgz=01;31:*.arc=01;31:*.arj=01;31:*.taz=01;31:*.lha=01;31:*.lz4=01;31:*.lzh=01;31:*.lzma=01;31:*.tlz=01;31:*.txz=01;31:*.tzo=01;31:*.t7z=01;31:*.zip=01;31:*.z=01;31:*.dz=01;31:*.gz=01;31:*.lrz=01;31:*.lz=01;31:*.lzo=01;31:*.xz=01;31:*.zst=01;31:*.tzst=01;31:*.bz2=01;31:*.bz=01;31:*.tbz=01;31:*.tbz2=01;31:*.tz=01;31:*.deb=01;31:*.rpm=01;31:*.jar=01;31:*.war=01;31:*.ear=01;31:*.sar=01;31:*.rar=01;31:*.alz=01;31:*.ace=01;31:*.zoo=01;31:*.cpio=01;31:*.7z=01;31:*.rz=01;31:*.cab=01;31:*.wim=01;31:*.swm=01;31:*.dwm=01;31:*.esd=01;31:*.avif=01;35:*.jpg=01;35:*.jpeg=01;35:*.mjpg=01;35:*.mjpeg=01;35:*.gif=01;35:*.bmp=01;35:*.pbm=01;35:*.pgm=01;35:*.ppm=01;35:*.tga=01;35:*.xbm=01;35:*.xpm=01;35:*.tif=01;35:*.tiff=01;35:*.png=01;35:*.svg=01;35:*.svgz=01;35:*.mng=01;35:*.pcx=01;35:*.mov=01;35:*.mpg=01;35:*.mpeg=01;35:*.m2v=01;35:*.mkv=01;35:*.webm=01;35:*.webp=01;35:*.ogm=01;35:*.mp4=01;35:*.m4v=01;35:*.mp4v=01;35:*.vob=01;35:*.qt=01;35:*.nuv=01;35:*.wmv=01;35:*.asf=01;35:*.rm=01;35:*.rmvb=01;35:*.flc=01;35:*.avi=01;35:*.fli=01;35:*.flv=01;35:*.gl=01;35:*.dl=01;35:*.xcf=01;35:*.xwd=01;35:*.yuv=01;35:*.cgm=01;35:*.emf=01;35:*.ogv=01;35:*.ogx=01;35:*.aac=00;36:*.au=00;36:*.flac=00;36:*.m4a=00;36:*.mid=00;36:*.midi=00;36:*.mka=00;36:*.mp3=00;36:*.mpc=00;36:*.ogg=00;36:*.ra=00;36:*.wav=00;36:*.oga=00;36:*.opus=00;36:*.spx=00;36:*.xspf=00;36:*~=00;90:*#=00;90:*.bak=00;90:*.crdownload=00;90:*.dpkg-dist=00;90:*.dpkg-new=00;90:*.dpkg-old=00;90:*.dpkg-tmp=00;90:*.old=00;90:*.orig=00;90:*.part=00;90:*.rej=00;90:*.rpmnew=00;90:*.rpmorig=00;90:*.rpmsave=00;90:*.swp=00;90:*.tmp=00;90:*.ucf-dist=00;90:*.ucf-new=00;90:*.ucf-old=00;90:', 'VSCODE_GIT_IPC_HANDLE': '/run/user/1000/vscode-git-2a2f4df169.sock', 'TERM_PROGRAM': 'vscode', 'AMENT_PREFIX_PATH': '/home/ubuntu/pi-dog_ws/install/i2c_pwm_board:/home/ubuntu/pi-dog_ws/install/i2c_pwm_board_xmlrp:/home/ubuntu/pi-dog_ws/install/xmlrpcpp:/home/ubuntu/pi-dog_ws/install/i2c_pwm_board_msgs:/opt/ros/jazzy', 'SHELL': '/bin/bash', 'LESSCLOSE': '/usr/bin/lesspipe %s %s', 'ROS_AUTOMATIC_DISCOVERY_RANGE': 'SUBNET', 'VSCODE_GIT_ASKPASS_EXTRA_ARGS': '', 'PWD': '/home/ubuntu/pi-dog_ws/build/quadruped_controller', 'LC_ALL': 'en_US.UTF-8', 'SSH_CONNECTION': '192.168.1.103 51813 192.168.1.102 22', 'XDG_DATA_DIRS': '/usr/local/share:/usr/share:/var/lib/snapd/desktop', 'PYTHONPATH': '/home/ubuntu/pi-dog_ws/install/i2c_pwm_board_msgs/lib/python3.12/site-packages:/opt/ros/jazzy/lib/python3.12/site-packages', 'COLCON': '1', 'CMAKE_PREFIX_PATH': '/home/ubuntu/pi-dog_ws/install/i2c_pwm_board:/home/ubuntu/pi-dog_ws/install/i2c_pwm_board_xmlrp:/home/ubuntu/pi-dog_ws/install/xmlrpcpp:/home/ubuntu/pi-dog_ws/install/quadruped_controller:/home/ubuntu/pi-dog_ws/install/i2c_pwm_board_msgs:/opt/ros/jazzy'}), 'shell': False}
[1.404987] (-) TimerEvent: {}
[1.464743] (quadruped_controller) StdoutLine: {'line': b'[ 16%] \x1b[32mBuilding CXX object CMakeFiles/ik_test_node.dir/src/kinematics/spot_micro_leg.cpp.o\x1b[0m\n'}
[1.467745] (quadruped_controller) StdoutLine: {'line': b'[ 16%] \x1b[32mBuilding CXX object CMakeFiles/ik_test_node.dir/src/kinematics/spot_micro_kinematics.cpp.o\x1b[0m\n'}
[1.468329] (quadruped_controller) StdoutLine: {'line': b'[ 25%] \x1b[32mBuilding CXX object CMakeFiles/ik_test_node.dir/src/kinematics/utils.cpp.o\x1b[0m\n'}
[1.469527] (quadruped_controller) StdoutLine: {'line': b'[ 33%] \x1b[32mBuilding CXX object CMakeFiles/ik_test_node.dir/src/main.cpp.o\x1b[0m\n'}
[1.505139] (-) TimerEvent: {}
[1.605720] (-) TimerEvent: {}
[1.710582] (-) TimerEvent: {}
[1.811112] (-) TimerEvent: {}
[1.912245] (-) TimerEvent: {}
[2.015822] (-) TimerEvent: {}
[2.116946] (-) TimerEvent: {}
[2.217509] (-) TimerEvent: {}
[2.320564] (-) TimerEvent: {}
[2.421114] (-) TimerEvent: {}
[2.521971] (-) TimerEvent: {}
[2.622490] (-) TimerEvent: {}
[2.726100] (-) TimerEvent: {}
[2.826593] (-) TimerEvent: {}
[2.927202] (-) TimerEvent: {}
[3.029835] (-) TimerEvent: {}
[3.130500] (-) TimerEvent: {}
[3.234788] (-) TimerEvent: {}
[3.335878] (-) TimerEvent: {}
[3.436834] (-) TimerEvent: {}
[3.540055] (-) TimerEvent: {}
[3.640602] (-) TimerEvent: {}
[3.741423] (-) TimerEvent: {}
[3.847586] (-) TimerEvent: {}
[3.948204] (-) TimerEvent: {}
[4.048746] (-) TimerEvent: {}
[4.152560] (-) TimerEvent: {}
[4.253082] (-) TimerEvent: {}
[4.353748] (-) TimerEvent: {}
[4.454408] (-) TimerEvent: {}
[4.556563] (-) TimerEvent: {}
[4.658817] (-) TimerEvent: {}
[4.761714] (-) TimerEvent: {}
[4.862186] (-) TimerEvent: {}
[4.868546] (quadruped_controller) StderrLine: {'line': b'In file included from \x1b[01m\x1b[K/home/ubuntu/pi-dog_ws/src/quadruped_controller/src/kinematics/spot_micro_kinematics.cpp:5\x1b[m\x1b[K:\n'}
[4.868941] (quadruped_controller) StderrLine: {'line': b'\x1b[01m\x1b[K/home/ubuntu/pi-dog_ws/src/quadruped_controller/include/spot_micro_kinematics/spot_micro_kinematics.h:\x1b[m\x1b[K In constructor \xe2\x80\x98\x1b[01m\x1b[Ksmk::SpotMicroKinematics::\x1b[01;32m\x1b[KSpotMicroKinematics\x1b[m\x1b[K(float, float, float, const smk::SpotMicroConfig&)\x1b[m\x1b[K\xe2\x80\x99:\n'}
[4.869114] (quadruped_controller) StderrLine: {'line': b'\x1b[01m\x1b[K/home/ubuntu/pi-dog_ws/src/quadruped_controller/include/spot_micro_kinematics/spot_micro_kinematics.h:109:9:\x1b[m\x1b[K \x1b[01;35m\x1b[Kwarning: \x1b[m\x1b[K\xe2\x80\x98\x1b[01m\x1b[Ksmk::SpotMicroKinematics::z_\x1b[m\x1b[K\xe2\x80\x99 will be initialized after [\x1b[01;35m\x1b[K\x1b]8;;https://gcc.gnu.org/onlinedocs/gcc/Warning-Options.html#index-Wreorder\x07-Wreorder\x1b]8;;\x07\x1b[m\x1b[K]\n'}
[4.869242] (quadruped_controller) StderrLine: {'line': b'  109 |   float \x1b[01;35m\x1b[Kz_\x1b[m\x1b[K;\n'}
[4.869344] (quadruped_controller) StderrLine: {'line': b'      |         \x1b[01;35m\x1b[K^~\x1b[m\x1b[K\n'}
[4.869440] (quadruped_controller) StderrLine: {'line': b'\x1b[01m\x1b[K/home/ubuntu/pi-dog_ws/src/quadruped_controller/include/spot_micro_kinematics/spot_micro_kinematics.h:104:19:\x1b[m\x1b[K \x1b[01;35m\x1b[Kwarning: \x1b[m\x1b[K  \xe2\x80\x98\x1b[01m\x1b[Ksmk::SpotMicroConfig smk::SpotMicroKinematics::smc_\x1b[m\x1b[K\xe2\x80\x99 [\x1b[01;35m\x1b[K\x1b]8;;https://gcc.gnu.org/onlinedocs/gcc/Warning-Options.html#index-Wreorder\x07-Wreorder\x1b]8;;\x07\x1b[m\x1b[K]\n'}
[4.869588] (quadruped_controller) StderrLine: {'line': b'  104 |   SpotMicroConfig \x1b[01;35m\x1b[Ksmc_\x1b[m\x1b[K; // Spot micro config struct\n'}
[4.869707] (quadruped_controller) StderrLine: {'line': b'      |                   \x1b[01;35m\x1b[K^~~~\x1b[m\x1b[K\n'}
[4.869821] (quadruped_controller) StderrLine: {'line': b'\x1b[01m\x1b[K/home/ubuntu/pi-dog_ws/src/quadruped_controller/src/kinematics/spot_micro_kinematics.cpp:11:1:\x1b[m\x1b[K \x1b[01;35m\x1b[Kwarning: \x1b[m\x1b[K  when initialized here [\x1b[01;35m\x1b[K\x1b]8;;https://gcc.gnu.org/onlinedocs/gcc/Warning-Options.html#index-Wreorder\x07-Wreorder\x1b]8;;\x07\x1b[m\x1b[K]\n'}
[4.869957] (quadruped_controller) StderrLine: {'line': b'   11 | \x1b[01;35m\x1b[KSpotMicroKinematics\x1b[m\x1b[K::SpotMicroKinematics(float x, float y, float z,\n'}
[4.870062] (quadruped_controller) StderrLine: {'line': b'      | \x1b[01;35m\x1b[K^~~~~~~~~~~~~~~~~~~\x1b[m\x1b[K\n'}
[4.964597] (-) TimerEvent: {}
[5.065789] (-) TimerEvent: {}
[5.168963] (-) TimerEvent: {}
[5.223402] (quadruped_controller) StderrLine: {'line': b'\x1b[01m\x1b[K/home/ubuntu/pi-dog_ws/src/quadruped_controller/src/kinematics/spot_micro_leg.cpp:\x1b[m\x1b[K In member function \xe2\x80\x98\x1b[01m\x1b[Kvoid smk::SpotMicroLeg::\x1b[01;32m\x1b[KsetFootPosGlobalCoordinates\x1b[m\x1b[K(const smk::Point&, const Eigen::Matrix4f&)\x1b[m\x1b[K\xe2\x80\x99:\n'}
[5.223749] (quadruped_controller) StderrLine: {'line': b'\x1b[01m\x1b[K/home/ubuntu/pi-dog_ws/src/quadruped_controller/src/kinematics/spot_micro_leg.cpp:52:21:\x1b[m\x1b[K \x1b[01;35m\x1b[Kwarning: \x1b[m\x1b[KC++ designated initializers only available with \xe2\x80\x98\x1b[01m\x1b[K-std=c++20\x1b[m\x1b[K\xe2\x80\x99 or \xe2\x80\x98\x1b[01m\x1b[K-std=gnu++20\x1b[m\x1b[K\xe2\x80\x99 [\x1b[01;35m\x1b[K\x1b]8;;https://gcc.gnu.org/onlinedocs/gcc/Warning-Options.html#index-Wc++20-extensions\x07-Wc++20-extensions\x1b]8;;\x07\x1b[m\x1b[K]\n'}
[5.223880] (quadruped_controller) StderrLine: {'line': b'   52 |   Point point_local{\x1b[01;35m\x1b[K.\x1b[m\x1b[Kx = p4_ht_vec(0), .y = p4_ht_vec(1), .z = p4_ht_vec(2)};\n'}
[5.223977] (quadruped_controller) StderrLine: {'line': b'      |                     \x1b[01;35m\x1b[K^\x1b[m\x1b[K\n'}
[5.224601] (quadruped_controller) StderrLine: {'line': b'\x1b[01m\x1b[K/home/ubuntu/pi-dog_ws/src/quadruped_controller/src/kinematics/spot_micro_leg.cpp:52:40:\x1b[m\x1b[K \x1b[01;35m\x1b[Kwarning: \x1b[m\x1b[KC++ designated initializers only available with \xe2\x80\x98\x1b[01m\x1b[K-std=c++20\x1b[m\x1b[K\xe2\x80\x99 or \xe2\x80\x98\x1b[01m\x1b[K-std=gnu++20\x1b[m\x1b[K\xe2\x80\x99 [\x1b[01;35m\x1b[K\x1b]8;;https://gcc.gnu.org/onlinedocs/gcc/Warning-Options.html#index-Wc++20-extensions\x07-Wc++20-extensions\x1b]8;;\x07\x1b[m\x1b[K]\n'}
[5.225007] (quadruped_controller) StderrLine: {'line': b'   52 |   Point point_local{.x = p4_ht_vec(0), \x1b[01;35m\x1b[K.\x1b[m\x1b[Ky = p4_ht_vec(1), .z = p4_ht_vec(2)};\n'}
[5.225136] (quadruped_controller) StderrLine: {'line': b'      |                                        \x1b[01;35m\x1b[K^\x1b[m\x1b[K\n'}
[5.226819] (quadruped_controller) StderrLine: {'line': b'\x1b[01m\x1b[K/home/ubuntu/pi-dog_ws/src/quadruped_controller/src/kinematics/spot_micro_leg.cpp:52:59:\x1b[m\x1b[K \x1b[01;35m\x1b[Kwarning: \x1b[m\x1b[KC++ designated initializers only available with \xe2\x80\x98\x1b[01m\x1b[K-std=c++20\x1b[m\x1b[K\xe2\x80\x99 or \xe2\x80\x98\x1b[01m\x1b[K-std=gnu++20\x1b[m\x1b[K\xe2\x80\x99 [\x1b[01;35m\x1b[K\x1b]8;;https://gcc.gnu.org/onlinedocs/gcc/Warning-Options.html#index-Wc++20-extensions\x07-Wc++20-extensions\x1b]8;;\x07\x1b[m\x1b[K]\n'}
[5.227121] (quadruped_controller) StderrLine: {'line': b'   52 |   Point point_local{.x = p4_ht_vec(0), .y = p4_ht_vec(1), \x1b[01;35m\x1b[K.\x1b[m\x1b[Kz = p4_ht_vec(2)};\n'}
[5.227231] (quadruped_controller) StderrLine: {'line': b'      |                                                           \x1b[01;35m\x1b[K^\x1b[m\x1b[K\n'}
[5.262581] (quadruped_controller) StderrLine: {'line': b'\x1b[01m\x1b[K/home/ubuntu/pi-dog_ws/src/quadruped_controller/src/kinematics/spot_micro_leg.cpp:\x1b[m\x1b[K In member function \xe2\x80\x98\x1b[01m\x1b[Ksmk::Point smk::SpotMicroLeg::\x1b[01;32m\x1b[KgetFootPosGlobalCoordinates\x1b[m\x1b[K(const Eigen::Matrix4f&)\x1b[m\x1b[K\xe2\x80\x99:\n'}
[5.262987] (quadruped_controller) StderrLine: {'line': b'\x1b[01m\x1b[K/home/ubuntu/pi-dog_ws/src/quadruped_controller/src/kinematics/spot_micro_leg.cpp:65:25:\x1b[m\x1b[K \x1b[01;35m\x1b[Kwarning: \x1b[m\x1b[KC++ designated initializers only available with \xe2\x80\x98\x1b[01m\x1b[K-std=c++20\x1b[m\x1b[K\xe2\x80\x99 or \xe2\x80\x98\x1b[01m\x1b[K-std=gnu++20\x1b[m\x1b[K\xe2\x80\x99 [\x1b[01;35m\x1b[K\x1b]8;;https://gcc.gnu.org/onlinedocs/gcc/Warning-Options.html#index-Wc++20-extensions\x07-Wc++20-extensions\x1b]8;;\x07\x1b[m\x1b[K]\n'}
[5.263180] (quadruped_controller) StderrLine: {'line': b'   65 |   Point return_point = {\x1b[01;35m\x1b[K.\x1b[m\x1b[Kx = ht_foot(0,3),\n'}
[5.263332] (quadruped_controller) StderrLine: {'line': b'      |                         \x1b[01;35m\x1b[K^\x1b[m\x1b[K\n'}
[5.264371] (quadruped_controller) StderrLine: {'line': b'\x1b[01m\x1b[K/home/ubuntu/pi-dog_ws/src/quadruped_controller/src/kinematics/spot_micro_leg.cpp:66:25:\x1b[m\x1b[K \x1b[01;35m\x1b[Kwarning: \x1b[m\x1b[KC++ designated initializers only available with \xe2\x80\x98\x1b[01m\x1b[K-std=c++20\x1b[m\x1b[K\xe2\x80\x99 or \xe2\x80\x98\x1b[01m\x1b[K-std=gnu++20\x1b[m\x1b[K\xe2\x80\x99 [\x1b[01;35m\x1b[K\x1b]8;;https://gcc.gnu.org/onlinedocs/gcc/Warning-Options.html#index-Wc++20-extensions\x07-Wc++20-extensions\x1b]8;;\x07\x1b[m\x1b[K]\n'}
[5.264746] (quadruped_controller) StderrLine: {'line': b'   66 |                         \x1b[01;35m\x1b[K.\x1b[m\x1b[Ky = ht_foot(1,3),\n'}
[5.264910] (quadruped_controller) StderrLine: {'line': b'      |                         \x1b[01;35m\x1b[K^\x1b[m\x1b[K\n'}
[5.265339] (quadruped_controller) StderrLine: {'line': b'\x1b[01m\x1b[K/home/ubuntu/pi-dog_ws/src/quadruped_controller/src/kinematics/spot_micro_leg.cpp:67:25:\x1b[m\x1b[K \x1b[01;35m\x1b[Kwarning: \x1b[m\x1b[KC++ designated initializers only available with \xe2\x80\x98\x1b[01m\x1b[K-std=c++20\x1b[m\x1b[K\xe2\x80\x99 or \xe2\x80\x98\x1b[01m\x1b[K-std=gnu++20\x1b[m\x1b[K\xe2\x80\x99 [\x1b[01;35m\x1b[K\x1b]8;;https://gcc.gnu.org/onlinedocs/gcc/Warning-Options.html#index-Wc++20-extensions\x07-Wc++20-extensions\x1b]8;;\x07\x1b[m\x1b[K]\n'}
[5.265594] (quadruped_controller) StderrLine: {'line': b'   67 |                         \x1b[01;35m\x1b[K.\x1b[m\x1b[Kz = ht_foot(2,3) };\n'}
[5.265775] (quadruped_controller) StderrLine: {'line': b'      |                         \x1b[01;35m\x1b[K^\x1b[m\x1b[K\n'}
[5.269922] (-) TimerEvent: {}
[5.371738] (-) TimerEvent: {}
[5.474045] (-) TimerEvent: {}
[5.575039] (-) TimerEvent: {}
[5.639310] (quadruped_controller) StdoutLine: {'line': b'[ 41%] \x1b[32mBuilding CXX object CMakeFiles/ik_test_node.dir/src/motion_cmd/spot_micro_motion_cmd.cpp.o\x1b[0m\n'}
[5.675168] (-) TimerEvent: {}
[5.776218] (-) TimerEvent: {}
[5.877385] (-) TimerEvent: {}
[5.979351] (-) TimerEvent: {}
[6.029655] (quadruped_controller) StdoutLine: {'line': b'[ 50%] \x1b[32mBuilding CXX object CMakeFiles/ik_test_node.dir/src/motion_cmd/utils.cpp.o\x1b[0m\n'}
[6.079510] (-) TimerEvent: {}
[6.180530] (-) TimerEvent: {}
[6.283009] (-) TimerEvent: {}
[6.383580] (-) TimerEvent: {}
[6.485776] (-) TimerEvent: {}
[6.586642] (-) TimerEvent: {}
[6.690040] (-) TimerEvent: {}
[6.790605] (-) TimerEvent: {}
[6.891548] (-) TimerEvent: {}
[6.992960] (-) TimerEvent: {}
[7.099576] (-) TimerEvent: {}
[7.200160] (-) TimerEvent: {}
[7.300945] (-) TimerEvent: {}
[7.404833] (-) TimerEvent: {}
[7.505439] (-) TimerEvent: {}
[7.607808] (-) TimerEvent: {}
[7.708420] (-) TimerEvent: {}
[7.811005] (-) TimerEvent: {}
[7.914849] (-) TimerEvent: {}
[8.015359] (-) TimerEvent: {}
[8.115994] (-) TimerEvent: {}
[8.216527] (-) TimerEvent: {}
[8.318891] (-) TimerEvent: {}
[8.422856] (-) TimerEvent: {}
[8.523500] (-) TimerEvent: {}
[8.624187] (-) TimerEvent: {}
[8.726841] (-) TimerEvent: {}
[8.827395] (-) TimerEvent: {}
[8.931565] (-) TimerEvent: {}
[9.020395] (quadruped_controller) StdoutLine: {'line': b'[ 58%] \x1b[32mBuilding CXX object CMakeFiles/ik_test_node.dir/src/motion_cmd/smfsm/spot_micro_idle.cpp.o\x1b[0m\n'}
[9.031721] (-) TimerEvent: {}
[9.132272] (-) TimerEvent: {}
[9.235588] (-) TimerEvent: {}
[9.336179] (-) TimerEvent: {}
[9.437142] (-) TimerEvent: {}
[9.540803] (-) TimerEvent: {}
[9.641279] (-) TimerEvent: {}
[9.743548] (-) TimerEvent: {}
[9.844058] (-) TimerEvent: {}
[9.944915] (-) TimerEvent: {}
[10.047821] (-) TimerEvent: {}
[10.148364] (-) TimerEvent: {}
[10.251582] (-) TimerEvent: {}
[10.352220] (-) TimerEvent: {}
[10.452723] (-) TimerEvent: {}
[10.553516] (-) TimerEvent: {}
[10.624184] (quadruped_controller) StderrLine: {'line': b'In file included from \x1b[01m\x1b[K/home/ubuntu/pi-dog_ws/src/quadruped_controller/include/spot_micro_motion_cmd/spot_micro_motion_cmd.h:28\x1b[m\x1b[K,\n'}
[10.624829] (quadruped_controller) StderrLine: {'line': b'                 from \x1b[01m\x1b[K/home/ubuntu/pi-dog_ws/src/quadruped_controller/src/main.cpp:3\x1b[m\x1b[K:\n'}
[10.625128] (quadruped_controller) StderrLine: {'line': b'\x1b[01m\x1b[K/home/ubuntu/pi-dog_ws/src/quadruped_controller/src/motion_cmd/smfsm/spot_micro_state.h:\x1b[m\x1b[K In member function \xe2\x80\x98\x1b[01m\x1b[Kvirtual void SpotMicroState::\x1b[01;32m\x1b[KhandleInputCommands\x1b[m\x1b[K(const smk::BodyState&, const SpotMicroNodeConfig&, const Command&, SpotMicroMotionCmd*, smk::BodyState*)\x1b[m\x1b[K\xe2\x80\x99:\n'}
[10.625500] (quadruped_controller) StderrLine: {'line': b'\x1b[01m\x1b[K/home/ubuntu/pi-dog_ws/src/quadruped_controller/src/motion_cmd/smfsm/spot_micro_state.h:42:58:\x1b[m\x1b[K \x1b[01;35m\x1b[Kwarning: \x1b[m\x1b[Kunused parameter \xe2\x80\x98\x1b[01m\x1b[Kbody_state\x1b[m\x1b[K\xe2\x80\x99 [\x1b[01;35m\x1b[K\x1b]8;;https://gcc.gnu.org/onlinedocs/gcc/Warning-Options.html#index-Wunused-parameter\x07-Wunused-parameter\x1b]8;;\x07\x1b[m\x1b[K]\n'}
[10.625806] (quadruped_controller) StderrLine: {'line': b'   42 |   virtual void handleInputCommands(\x1b[01;35m\x1b[Kconst smk::BodyState& body_state\x1b[m\x1b[K,\n'}
[10.626063] (quadruped_controller) StderrLine: {'line': b'      |                                    \x1b[01;35m\x1b[K~~~~~~~~~~~~~~~~~~~~~~^~~~~~~~~~\x1b[m\x1b[K\n'}
[10.629290] (quadruped_controller) StderrLine: {'line': b'\x1b[01m\x1b[K/home/ubuntu/pi-dog_ws/src/quadruped_controller/src/motion_cmd/smfsm/spot_micro_state.h:43:63:\x1b[m\x1b[K \x1b[01;35m\x1b[Kwarning: \x1b[m\x1b[Kunused parameter \xe2\x80\x98\x1b[01m\x1b[Ksmnc\x1b[m\x1b[K\xe2\x80\x99 [\x1b[01;35m\x1b[K\x1b]8;;https://gcc.gnu.org/onlinedocs/gcc/Warning-Options.html#index-Wunused-parameter\x07-Wunused-parameter\x1b]8;;\x07\x1b[m\x1b[K]\n'}
[10.629865] (quadruped_controller) StderrLine: {'line': b'   43 |                                    \x1b[01;35m\x1b[Kconst SpotMicroNodeConfig& smnc\x1b[m\x1b[K,\n'}
[10.630162] (quadruped_controller) StderrLine: {'line': b'      |                                    \x1b[01;35m\x1b[K~~~~~~~~~~~~~~~~~~~~~~~~~~~^~~~\x1b[m\x1b[K\n'}
[10.630429] (quadruped_controller) StderrLine: {'line': b'\x1b[01m\x1b[K/home/ubuntu/pi-dog_ws/src/quadruped_controller/src/motion_cmd/smfsm/spot_micro_state.h:44:51:\x1b[m\x1b[K \x1b[01;35m\x1b[Kwarning: \x1b[m\x1b[Kunused parameter \xe2\x80\x98\x1b[01m\x1b[Kcmd\x1b[m\x1b[K\xe2\x80\x99 [\x1b[01;35m\x1b[K\x1b]8;;https://gcc.gnu.org/onlinedocs/gcc/Warning-Options.html#index-Wunused-parameter\x07-Wunused-parameter\x1b]8;;\x07\x1b[m\x1b[K]\n'}
[10.630826] (quadruped_controller) StderrLine: {'line': b'   44 |                                    \x1b[01;35m\x1b[Kconst Command& cmd\x1b[m\x1b[K,\n'}
[10.631136] (quadruped_controller) StderrLine: {'line': b'      |                                    \x1b[01;35m\x1b[K~~~~~~~~~~~~~~~^~~\x1b[m\x1b[K\n'}
[10.631436] (quadruped_controller) StderrLine: {'line': b'\x1b[01m\x1b[K/home/ubuntu/pi-dog_ws/src/quadruped_controller/src/motion_cmd/smfsm/spot_micro_state.h:45:56:\x1b[m\x1b[K \x1b[01;35m\x1b[Kwarning: \x1b[m\x1b[Kunused parameter \xe2\x80\x98\x1b[01m\x1b[Ksmmc\x1b[m\x1b[K\xe2\x80\x99 [\x1b[01;35m\x1b[K\x1b]8;;https://gcc.gnu.org/onlinedocs/gcc/Warning-Options.html#index-Wunused-parameter\x07-Wunused-parameter\x1b]8;;\x07\x1b[m\x1b[K]\n'}
[10.636085] (quadruped_controller) StderrLine: {'line': b'   45 |                                    \x1b[01;35m\x1b[KSpotMicroMotionCmd* smmc\x1b[m\x1b[K,\n'}
[10.636397] (quadruped_controller) StderrLine: {'line': b'      |                                    \x1b[01;35m\x1b[K~~~~~~~~~~~~~~~~~~~~^~~~\x1b[m\x1b[K\n'}
[10.636765] (quadruped_controller) StderrLine: {'line': b'\x1b[01m\x1b[K/home/ubuntu/pi-dog_ws/src/quadruped_controller/src/motion_cmd/smfsm/spot_micro_state.h:46:52:\x1b[m\x1b[K \x1b[01;35m\x1b[Kwarning: \x1b[m\x1b[Kunused parameter \xe2\x80\x98\x1b[01m\x1b[Kbody_state_cmd\x1b[m\x1b[K\xe2\x80\x99 [\x1b[01;35m\x1b[K\x1b]8;;https://gcc.gnu.org/onlinedocs/gcc/Warning-Options.html#index-Wunused-parameter\x07-Wunused-parameter\x1b]8;;\x07\x1b[m\x1b[K]\n'}
[10.637069] (quadruped_controller) StderrLine: {'line': b'   46 |                                    \x1b[01;35m\x1b[Ksmk::BodyState* body_state_cmd\x1b[m\x1b[K) {}\n'}
[10.637329] (quadruped_controller) StderrLine: {'line': b'      |                                    \x1b[01;35m\x1b[K~~~~~~~~~~~~~~~~^~~~~~~~~~~~~~\x1b[m\x1b[K\n'}
[10.637650] (quadruped_controller) StderrLine: {'line': b'\x1b[01m\x1b[K/home/ubuntu/pi-dog_ws/src/quadruped_controller/src/motion_cmd/smfsm/spot_micro_state.h:\x1b[m\x1b[K In member function \xe2\x80\x98\x1b[01m\x1b[Kvirtual void SpotMicroState::\x1b[01;32m\x1b[Kinit\x1b[m\x1b[K(const smk::BodyState&, const SpotMicroNodeConfig&, const Command&, SpotMicroMotionCmd*)\x1b[m\x1b[K\xe2\x80\x99:\n'}
[10.638080] (quadruped_controller) StderrLine: {'line': b'\x1b[01m\x1b[K/home/ubuntu/pi-dog_ws/src/quadruped_controller/src/motion_cmd/smfsm/spot_micro_state.h:48:43:\x1b[m\x1b[K \x1b[01;35m\x1b[Kwarning: \x1b[m\x1b[Kunused parameter \xe2\x80\x98\x1b[01m\x1b[Kbody_state\x1b[m\x1b[K\xe2\x80\x99 [\x1b[01;35m\x1b[K\x1b]8;;https://gcc.gnu.org/onlinedocs/gcc/Warning-Options.html#index-Wunused-parameter\x07-Wunused-parameter\x1b]8;;\x07\x1b[m\x1b[K]\n'}
[10.643008] (quadruped_controller) StderrLine: {'line': b'   48 |   virtual void init(\x1b[01;35m\x1b[Kconst smk::BodyState& body_state\x1b[m\x1b[K,\n'}
[10.643376] (quadruped_controller) StderrLine: {'line': b'      |                     \x1b[01;35m\x1b[K~~~~~~~~~~~~~~~~~~~~~~^~~~~~~~~~\x1b[m\x1b[K\n'}
[10.643752] (quadruped_controller) StderrLine: {'line': b'\x1b[01m\x1b[K/home/ubuntu/pi-dog_ws/src/quadruped_controller/src/motion_cmd/smfsm/spot_micro_state.h:49:48:\x1b[m\x1b[K \x1b[01;35m\x1b[Kwarning: \x1b[m\x1b[Kunused parameter \xe2\x80\x98\x1b[01m\x1b[Ksmnc\x1b[m\x1b[K\xe2\x80\x99 [\x1b[01;35m\x1b[K\x1b]8;;https://gcc.gnu.org/onlinedocs/gcc/Warning-Options.html#index-Wunused-parameter\x07-Wunused-parameter\x1b]8;;\x07\x1b[m\x1b[K]\n'}
[10.644185] (quadruped_controller) StderrLine: {'line': b'   49 |                     \x1b[01;35m\x1b[Kconst SpotMicroNodeConfig& smnc\x1b[m\x1b[K,\n'}
[10.648138] (quadruped_controller) StderrLine: {'line': b'      |                     \x1b[01;35m\x1b[K~~~~~~~~~~~~~~~~~~~~~~~~~~~^~~~\x1b[m\x1b[K\n'}
[10.648501] (quadruped_controller) StderrLine: {'line': b'\x1b[01m\x1b[K/home/ubuntu/pi-dog_ws/src/quadruped_controller/src/motion_cmd/smfsm/spot_micro_state.h:50:36:\x1b[m\x1b[K \x1b[01;35m\x1b[Kwarning: \x1b[m\x1b[Kunused parameter \xe2\x80\x98\x1b[01m\x1b[Kcmd\x1b[m\x1b[K\xe2\x80\x99 [\x1b[01;35m\x1b[K\x1b]8;;https://gcc.gnu.org/onlinedocs/gcc/Warning-Options.html#index-Wunused-parameter\x07-Wunused-parameter\x1b]8;;\x07\x1b[m\x1b[K]\n'}
[10.648872] (quadruped_controller) StderrLine: {'line': b'   50 |                     \x1b[01;35m\x1b[Kconst Command& cmd\x1b[m\x1b[K,\n'}
[10.649179] (quadruped_controller) StderrLine: {'line': b'      |                     \x1b[01;35m\x1b[K~~~~~~~~~~~~~~~^~~\x1b[m\x1b[K\n'}
[10.649410] (quadruped_controller) StderrLine: {'line': b'\x1b[01m\x1b[K/home/ubuntu/pi-dog_ws/src/quadruped_controller/src/motion_cmd/smfsm/spot_micro_state.h:51:41:\x1b[m\x1b[K \x1b[01;35m\x1b[Kwarning: \x1b[m\x1b[Kunused parameter \xe2\x80\x98\x1b[01m\x1b[Ksmmc\x1b[m\x1b[K\xe2\x80\x99 [\x1b[01;35m\x1b[K\x1b]8;;https://gcc.gnu.org/onlinedocs/gcc/Warning-Options.html#index-Wunused-parameter\x07-Wunused-parameter\x1b]8;;\x07\x1b[m\x1b[K]\n'}
[10.649729] (quadruped_controller) StderrLine: {'line': b'   51 |                     \x1b[01;35m\x1b[KSpotMicroMotionCmd* smmc\x1b[m\x1b[K) {}\n'}
[10.650015] (quadruped_controller) StderrLine: {'line': b'      |                     \x1b[01;35m\x1b[K~~~~~~~~~~~~~~~~~~~~^~~~\x1b[m\x1b[K\n'}
[10.656586] (-) TimerEvent: {}
[10.757184] (-) TimerEvent: {}
[10.858821] (-) TimerEvent: {}
[10.960862] (-) TimerEvent: {}
[11.061353] (-) TimerEvent: {}
[11.163042] (-) TimerEvent: {}
[11.265592] (-) TimerEvent: {}
[11.366206] (-) TimerEvent: {}
[11.469577] (-) TimerEvent: {}
[11.570165] (-) TimerEvent: {}
[11.670637] (-) TimerEvent: {}
[11.771439] (-) TimerEvent: {}
[11.872080] (-) TimerEvent: {}
[11.973776] (-) TimerEvent: {}
[12.076759] (-) TimerEvent: {}
[12.177372] (-) TimerEvent: {}
[12.277915] (-) TimerEvent: {}
[12.381554] (-) TimerEvent: {}
[12.482075] (-) TimerEvent: {}
[12.582742] (-) TimerEvent: {}
[12.683240] (-) TimerEvent: {}
[12.785155] (-) TimerEvent: {}
[12.886731] (-) TimerEvent: {}
[12.987416] (-) TimerEvent: {}
[13.090823] (-) TimerEvent: {}
[13.191419] (-) TimerEvent: {}
[13.291953] (-) TimerEvent: {}
[13.392560] (-) TimerEvent: {}
[13.494766] (-) TimerEvent: {}
[13.595381] (-) TimerEvent: {}
[13.695967] (-) TimerEvent: {}
[13.766899] (quadruped_controller) StderrLine: {'line': b'In file included from \x1b[01m\x1b[K/home/ubuntu/pi-dog_ws/src/quadruped_controller/src/motion_cmd/smfsm/spot_micro_idle.h:5\x1b[m\x1b[K,\n'}
[13.767551] (quadruped_controller) StderrLine: {'line': b'                 from \x1b[01m\x1b[K/home/ubuntu/pi-dog_ws/src/quadruped_controller/src/motion_cmd/smfsm/spot_micro_idle.cpp:1\x1b[m\x1b[K:\n'}
[13.767730] (quadruped_controller) StderrLine: {'line': b'\x1b[01m\x1b[K/home/ubuntu/pi-dog_ws/src/quadruped_controller/src/motion_cmd/smfsm/spot_micro_state.h:\x1b[m\x1b[K In member function \xe2\x80\x98\x1b[01m\x1b[Kvirtual void SpotMicroState::\x1b[01;32m\x1b[KhandleInputCommands\x1b[m\x1b[K(const smk::BodyState&, const SpotMicroNodeConfig&, const Command&, SpotMicroMotionCmd*, smk::BodyState*)\x1b[m\x1b[K\xe2\x80\x99:\n'}
[13.767869] (quadruped_controller) StderrLine: {'line': b'\x1b[01m\x1b[K/home/ubuntu/pi-dog_ws/src/quadruped_controller/src/motion_cmd/smfsm/spot_micro_state.h:42:58:\x1b[m\x1b[K \x1b[01;35m\x1b[Kwarning: \x1b[m\x1b[Kunused parameter \xe2\x80\x98\x1b[01m\x1b[Kbody_state\x1b[m\x1b[K\xe2\x80\x99 [\x1b[01;35m\x1b[K\x1b]8;;https://gcc.gnu.org/onlinedocs/gcc/Warning-Options.html#index-Wunused-parameter\x07-Wunused-parameter\x1b]8;;\x07\x1b[m\x1b[K]\n'}
[13.768009] (quadruped_controller) StderrLine: {'line': b'   42 |   virtual void handleInputCommands(\x1b[01;35m\x1b[Kconst smk::BodyState& body_state\x1b[m\x1b[K,\n'}
[13.768121] (quadruped_controller) StderrLine: {'line': b'      |                                    \x1b[01;35m\x1b[K~~~~~~~~~~~~~~~~~~~~~~^~~~~~~~~~\x1b[m\x1b[K\n'}
[13.768222] (quadruped_controller) StderrLine: {'line': b'\x1b[01m\x1b[K/home/ubuntu/pi-dog_ws/src/quadruped_controller/src/motion_cmd/smfsm/spot_micro_state.h:43:63:\x1b[m\x1b[K \x1b[01;35m\x1b[Kwarning: \x1b[m\x1b[Kunused parameter \xe2\x80\x98\x1b[01m\x1b[Ksmnc\x1b[m\x1b[K\xe2\x80\x99 [\x1b[01;35m\x1b[K\x1b]8;;https://gcc.gnu.org/onlinedocs/gcc/Warning-Options.html#index-Wunused-parameter\x07-Wunused-parameter\x1b]8;;\x07\x1b[m\x1b[K]\n'}
[13.768362] (quadruped_controller) StderrLine: {'line': b'   43 |                                    \x1b[01;35m\x1b[Kconst SpotMicroNodeConfig& smnc\x1b[m\x1b[K,\n'}
[13.768497] (quadruped_controller) StderrLine: {'line': b'      |                                    \x1b[01;35m\x1b[K~~~~~~~~~~~~~~~~~~~~~~~~~~~^~~~\x1b[m\x1b[K\n'}
[13.768634] (quadruped_controller) StderrLine: {'line': b'\x1b[01m\x1b[K/home/ubuntu/pi-dog_ws/src/quadruped_controller/src/motion_cmd/smfsm/spot_micro_state.h:44:51:\x1b[m\x1b[K \x1b[01;35m\x1b[Kwarning: \x1b[m\x1b[Kunused parameter \xe2\x80\x98\x1b[01m\x1b[Kcmd\x1b[m\x1b[K\xe2\x80\x99 [\x1b[01;35m\x1b[K\x1b]8;;https://gcc.gnu.org/onlinedocs/gcc/Warning-Options.html#index-Wunused-parameter\x07-Wunused-parameter\x1b]8;;\x07\x1b[m\x1b[K]\n'}
[13.768757] (quadruped_controller) StderrLine: {'line': b'   44 |                                    \x1b[01;35m\x1b[Kconst Command& cmd\x1b[m\x1b[K,\n'}
[13.768861] (quadruped_controller) StderrLine: {'line': b'      |                                    \x1b[01;35m\x1b[K~~~~~~~~~~~~~~~^~~\x1b[m\x1b[K\n'}
[13.768987] (quadruped_controller) StderrLine: {'line': b'\x1b[01m\x1b[K/home/ubuntu/pi-dog_ws/src/quadruped_controller/src/motion_cmd/smfsm/spot_micro_state.h:45:56:\x1b[m\x1b[K \x1b[01;35m\x1b[Kwarning: \x1b[m\x1b[Kunused parameter \xe2\x80\x98\x1b[01m\x1b[Ksmmc\x1b[m\x1b[K\xe2\x80\x99 [\x1b[01;35m\x1b[K\x1b]8;;https://gcc.gnu.org/onlinedocs/gcc/Warning-Options.html#index-Wunused-parameter\x07-Wunused-parameter\x1b]8;;\x07\x1b[m\x1b[K]\n'}
[13.773571] (quadruped_controller) StderrLine: {'line': b'   45 |                                    \x1b[01;35m\x1b[KSpotMicroMotionCmd* smmc\x1b[m\x1b[K,\n'}
[13.774008] (quadruped_controller) StderrLine: {'line': b'      |                                    \x1b[01;35m\x1b[K~~~~~~~~~~~~~~~~~~~~^~~~\x1b[m\x1b[K\n'}
[13.774171] (quadruped_controller) StderrLine: {'line': b'\x1b[01m\x1b[K/home/ubuntu/pi-dog_ws/src/quadruped_controller/src/motion_cmd/smfsm/spot_micro_state.h:46:52:\x1b[m\x1b[K \x1b[01;35m\x1b[Kwarning: \x1b[m\x1b[Kunused parameter \xe2\x80\x98\x1b[01m\x1b[Kbody_state_cmd\x1b[m\x1b[K\xe2\x80\x99 [\x1b[01;35m\x1b[K\x1b]8;;https://gcc.gnu.org/onlinedocs/gcc/Warning-Options.html#index-Wunused-parameter\x07-Wunused-parameter\x1b]8;;\x07\x1b[m\x1b[K]\n'}
[13.774358] (quadruped_controller) StderrLine: {'line': b'   46 |                                    \x1b[01;35m\x1b[Ksmk::BodyState* body_state_cmd\x1b[m\x1b[K) {}\n'}
[13.774513] (quadruped_controller) StderrLine: {'line': b'      |                                    \x1b[01;35m\x1b[K~~~~~~~~~~~~~~~~^~~~~~~~~~~~~~\x1b[m\x1b[K\n'}
[13.774655] (quadruped_controller) StderrLine: {'line': b'\x1b[01m\x1b[K/home/ubuntu/pi-dog_ws/src/quadruped_controller/src/motion_cmd/smfsm/spot_micro_state.h:\x1b[m\x1b[K In member function \xe2\x80\x98\x1b[01m\x1b[Kvirtual void SpotMicroState::\x1b[01;32m\x1b[Kinit\x1b[m\x1b[K(const smk::BodyState&, const SpotMicroNodeConfig&, const Command&, SpotMicroMotionCmd*)\x1b[m\x1b[K\xe2\x80\x99:\n'}
[13.774802] (quadruped_controller) StderrLine: {'line': b'\x1b[01m\x1b[K/home/ubuntu/pi-dog_ws/src/quadruped_controller/src/motion_cmd/smfsm/spot_micro_state.h:48:43:\x1b[m\x1b[K \x1b[01;35m\x1b[Kwarning: \x1b[m\x1b[Kunused parameter \xe2\x80\x98\x1b[01m\x1b[Kbody_state\x1b[m\x1b[K\xe2\x80\x99 [\x1b[01;35m\x1b[K\x1b]8;;https://gcc.gnu.org/onlinedocs/gcc/Warning-Options.html#index-Wunused-parameter\x07-Wunused-parameter\x1b]8;;\x07\x1b[m\x1b[K]\n'}
[13.774925] (quadruped_controller) StderrLine: {'line': b'   48 |   virtual void init(\x1b[01;35m\x1b[Kconst smk::BodyState& body_state\x1b[m\x1b[K,\n'}
[13.775033] (quadruped_controller) StderrLine: {'line': b'      |                     \x1b[01;35m\x1b[K~~~~~~~~~~~~~~~~~~~~~~^~~~~~~~~~\x1b[m\x1b[K\n'}
[13.775130] (quadruped_controller) StderrLine: {'line': b'\x1b[01m\x1b[K/home/ubuntu/pi-dog_ws/src/quadruped_controller/src/motion_cmd/smfsm/spot_micro_state.h:49:48:\x1b[m\x1b[K \x1b[01;35m\x1b[Kwarning: \x1b[m\x1b[Kunused parameter \xe2\x80\x98\x1b[01m\x1b[Ksmnc\x1b[m\x1b[K\xe2\x80\x99 [\x1b[01;35m\x1b[K\x1b]8;;https://gcc.gnu.org/onlinedocs/gcc/Warning-Options.html#index-Wunused-parameter\x07-Wunused-parameter\x1b]8;;\x07\x1b[m\x1b[K]\n'}
[13.775237] (quadruped_controller) StderrLine: {'line': b'   49 |                     \x1b[01;35m\x1b[Kconst SpotMicroNodeConfig& smnc\x1b[m\x1b[K,\n'}
[13.775339] (quadruped_controller) StderrLine: {'line': b'      |                     \x1b[01;35m\x1b[K~~~~~~~~~~~~~~~~~~~~~~~~~~~^~~~\x1b[m\x1b[K\n'}
[13.775441] (quadruped_controller) StderrLine: {'line': b'\x1b[01m\x1b[K/home/ubuntu/pi-dog_ws/src/quadruped_controller/src/motion_cmd/smfsm/spot_micro_state.h:50:36:\x1b[m\x1b[K \x1b[01;35m\x1b[Kwarning: \x1b[m\x1b[Kunused parameter \xe2\x80\x98\x1b[01m\x1b[Kcmd\x1b[m\x1b[K\xe2\x80\x99 [\x1b[01;35m\x1b[K\x1b]8;;https://gcc.gnu.org/onlinedocs/gcc/Warning-Options.html#index-Wunused-parameter\x07-Wunused-parameter\x1b]8;;\x07\x1b[m\x1b[K]\n'}
[13.775621] (quadruped_controller) StderrLine: {'line': b'   50 |                     \x1b[01;35m\x1b[Kconst Command& cmd\x1b[m\x1b[K,\n'}
[13.775766] (quadruped_controller) StderrLine: {'line': b'      |                     \x1b[01;35m\x1b[K~~~~~~~~~~~~~~~^~~\x1b[m\x1b[K\n'}
[13.775895] (quadruped_controller) StderrLine: {'line': b'\x1b[01m\x1b[K/home/ubuntu/pi-dog_ws/src/quadruped_controller/src/motion_cmd/smfsm/spot_micro_state.h:51:41:\x1b[m\x1b[K \x1b[01;35m\x1b[Kwarning: \x1b[m\x1b[Kunused parameter \xe2\x80\x98\x1b[01m\x1b[Ksmmc\x1b[m\x1b[K\xe2\x80\x99 [\x1b[01;35m\x1b[K\x1b]8;;https://gcc.gnu.org/onlinedocs/gcc/Warning-Options.html#index-Wunused-parameter\x07-Wunused-parameter\x1b]8;;\x07\x1b[m\x1b[K]\n'}
[13.776014] (quadruped_controller) StderrLine: {'line': b'   51 |                     \x1b[01;35m\x1b[KSpotMicroMotionCmd* smmc\x1b[m\x1b[K) {}\n'}
[13.776118] (quadruped_controller) StderrLine: {'line': b'      |                     \x1b[01;35m\x1b[K~~~~~~~~~~~~~~~~~~~~^~~~\x1b[m\x1b[K\n'}
[13.798593] (-) TimerEvent: {}
[13.899166] (-) TimerEvent: {}
[13.999799] (-) TimerEvent: {}
[14.100296] (-) TimerEvent: {}
[14.203564] (-) TimerEvent: {}
[14.216275] (quadruped_controller) StdoutLine: {'line': b'[ 66%] \x1b[32mBuilding CXX object CMakeFiles/ik_test_node.dir/src/motion_cmd/smfsm/spot_micro_stand.cpp.o\x1b[0m\n'}
[14.303720] (-) TimerEvent: {}
[14.407619] (-) TimerEvent: {}
[14.508218] (-) TimerEvent: {}
[14.611553] (-) TimerEvent: {}
[14.711995] (-) TimerEvent: {}
[14.812565] (-) TimerEvent: {}
[14.913703] (-) TimerEvent: {}
[15.014302] (-) TimerEvent: {}
[15.116021] (-) TimerEvent: {}
[15.217558] (-) TimerEvent: {}
[15.318021] (-) TimerEvent: {}
[15.420557] (-) TimerEvent: {}
[15.521014] (-) TimerEvent: {}
[15.621599] (-) TimerEvent: {}
[15.722613] (-) TimerEvent: {}
[15.825562] (-) TimerEvent: {}
[15.926019] (-) TimerEvent: {}
[16.027556] (-) TimerEvent: {}
[16.130589] (-) TimerEvent: {}
[16.231173] (-) TimerEvent: {}
[16.331666] (-) TimerEvent: {}
[16.434560] (-) TimerEvent: {}
[16.535027] (-) TimerEvent: {}
[16.636145] (-) TimerEvent: {}
[16.739590] (-) TimerEvent: {}
[16.840177] (-) TimerEvent: {}
[16.902776] (quadruped_controller) StderrLine: {'line': b'In file included from \x1b[01m\x1b[K/home/ubuntu/pi-dog_ws/src/quadruped_controller/include/spot_micro_motion_cmd/spot_micro_motion_cmd.h:28\x1b[m\x1b[K,\n'}
[16.903571] (quadruped_controller) StderrLine: {'line': b'                 from \x1b[01m\x1b[K/home/ubuntu/pi-dog_ws/src/quadruped_controller/src/motion_cmd/spot_micro_motion_cmd.cpp:14\x1b[m\x1b[K:\n'}
[16.903914] (quadruped_controller) StderrLine: {'line': b'\x1b[01m\x1b[K/home/ubuntu/pi-dog_ws/src/quadruped_controller/src/motion_cmd/smfsm/spot_micro_state.h:\x1b[m\x1b[K In member function \xe2\x80\x98\x1b[01m\x1b[Kvirtual void SpotMicroState::\x1b[01;32m\x1b[KhandleInputCommands\x1b[m\x1b[K(const smk::BodyState&, const SpotMicroNodeConfig&, const Command&, SpotMicroMotionCmd*, smk::BodyState*)\x1b[m\x1b[K\xe2\x80\x99:\n'}
[16.904201] (quadruped_controller) StderrLine: {'line': b'\x1b[01m\x1b[K/home/ubuntu/pi-dog_ws/src/quadruped_controller/src/motion_cmd/smfsm/spot_micro_state.h:42:58:\x1b[m\x1b[K \x1b[01;35m\x1b[Kwarning: \x1b[m\x1b[Kunused parameter \xe2\x80\x98\x1b[01m\x1b[Kbody_state\x1b[m\x1b[K\xe2\x80\x99 [\x1b[01;35m\x1b[K\x1b]8;;https://gcc.gnu.org/onlinedocs/gcc/Warning-Options.html#index-Wunused-parameter\x07-Wunused-parameter\x1b]8;;\x07\x1b[m\x1b[K]\n'}
[16.904467] (quadruped_controller) StderrLine: {'line': b'   42 |   virtual void handleInputCommands(\x1b[01;35m\x1b[Kconst smk::BodyState& body_state\x1b[m\x1b[K,\n'}
[16.904786] (quadruped_controller) StderrLine: {'line': b'      |                                    \x1b[01;35m\x1b[K~~~~~~~~~~~~~~~~~~~~~~^~~~~~~~~~\x1b[m\x1b[K\n'}
[16.905024] (quadruped_controller) StderrLine: {'line': b'\x1b[01m\x1b[K/home/ubuntu/pi-dog_ws/src/quadruped_controller/src/motion_cmd/smfsm/spot_micro_state.h:43:63:\x1b[m\x1b[K \x1b[01;35m\x1b[Kwarning: \x1b[m\x1b[Kunused parameter \xe2\x80\x98\x1b[01m\x1b[Ksmnc\x1b[m\x1b[K\xe2\x80\x99 [\x1b[01;35m\x1b[K\x1b]8;;https://gcc.gnu.org/onlinedocs/gcc/Warning-Options.html#index-Wunused-parameter\x07-Wunused-parameter\x1b]8;;\x07\x1b[m\x1b[K]\n'}
[16.905247] (quadruped_controller) StderrLine: {'line': b'   43 |                                    \x1b[01;35m\x1b[Kconst SpotMicroNodeConfig& smnc\x1b[m\x1b[K,\n'}
[16.908590] (quadruped_controller) StderrLine: {'line': b'      |                                    \x1b[01;35m\x1b[K~~~~~~~~~~~~~~~~~~~~~~~~~~~^~~~\x1b[m\x1b[K\n'}
[16.909445] (quadruped_controller) StderrLine: {'line': b'\x1b[01m\x1b[K/home/ubuntu/pi-dog_ws/src/quadruped_controller/src/motion_cmd/smfsm/spot_micro_state.h:44:51:\x1b[m\x1b[K \x1b[01;35m\x1b[Kwarning: \x1b[m\x1b[Kunused parameter \xe2\x80\x98\x1b[01m\x1b[Kcmd\x1b[m\x1b[K\xe2\x80\x99 [\x1b[01;35m\x1b[K\x1b]8;;https://gcc.gnu.org/onlinedocs/gcc/Warning-Options.html#index-Wunused-parameter\x07-Wunused-parameter\x1b]8;;\x07\x1b[m\x1b[K]\n'}
[16.909791] (quadruped_controller) StderrLine: {'line': b'   44 |                                    \x1b[01;35m\x1b[Kconst Command& cmd\x1b[m\x1b[K,\n'}
[16.910089] (quadruped_controller) StderrLine: {'line': b'      |                                    \x1b[01;35m\x1b[K~~~~~~~~~~~~~~~^~~\x1b[m\x1b[K\n'}
[16.910346] (quadruped_controller) StderrLine: {'line': b'\x1b[01m\x1b[K/home/ubuntu/pi-dog_ws/src/quadruped_controller/src/motion_cmd/smfsm/spot_micro_state.h:45:56:\x1b[m\x1b[K \x1b[01;35m\x1b[Kwarning: \x1b[m\x1b[Kunused parameter \xe2\x80\x98\x1b[01m\x1b[Ksmmc\x1b[m\x1b[K\xe2\x80\x99 [\x1b[01;35m\x1b[K\x1b]8;;https://gcc.gnu.org/onlinedocs/gcc/Warning-Options.html#index-Wunused-parameter\x07-Wunused-parameter\x1b]8;;\x07\x1b[m\x1b[K]\n'}
[16.910665] (quadruped_controller) StderrLine: {'line': b'   45 |                                    \x1b[01;35m\x1b[KSpotMicroMotionCmd* smmc\x1b[m\x1b[K,\n'}
[16.910928] (quadruped_controller) StderrLine: {'line': b'      |                                    \x1b[01;35m\x1b[K~~~~~~~~~~~~~~~~~~~~^~~~\x1b[m\x1b[K\n'}
[16.911171] (quadruped_controller) StderrLine: {'line': b'\x1b[01m\x1b[K/home/ubuntu/pi-dog_ws/src/quadruped_controller/src/motion_cmd/smfsm/spot_micro_state.h:46:52:\x1b[m\x1b[K \x1b[01;35m\x1b[Kwarning: \x1b[m\x1b[Kunused parameter \xe2\x80\x98\x1b[01m\x1b[Kbody_state_cmd\x1b[m\x1b[K\xe2\x80\x99 [\x1b[01;35m\x1b[K\x1b]8;;https://gcc.gnu.org/onlinedocs/gcc/Warning-Options.html#index-Wunused-parameter\x07-Wunused-parameter\x1b]8;;\x07\x1b[m\x1b[K]\n'}
[16.911450] (quadruped_controller) StderrLine: {'line': b'   46 |                                    \x1b[01;35m\x1b[Ksmk::BodyState* body_state_cmd\x1b[m\x1b[K) {}\n'}
[16.914140] (quadruped_controller) StderrLine: {'line': b'      |                                    \x1b[01;35m\x1b[K~~~~~~~~~~~~~~~~^~~~~~~~~~~~~~\x1b[m\x1b[K\n'}
[16.914439] (quadruped_controller) StderrLine: {'line': b'\x1b[01m\x1b[K/home/ubuntu/pi-dog_ws/src/quadruped_controller/src/motion_cmd/smfsm/spot_micro_state.h:\x1b[m\x1b[K In member function \xe2\x80\x98\x1b[01m\x1b[Kvirtual void SpotMicroState::\x1b[01;32m\x1b[Kinit\x1b[m\x1b[K(const smk::BodyState&, const SpotMicroNodeConfig&, const Command&, SpotMicroMotionCmd*)\x1b[m\x1b[K\xe2\x80\x99:\n'}
[16.914789] (quadruped_controller) StderrLine: {'line': b'\x1b[01m\x1b[K/home/ubuntu/pi-dog_ws/src/quadruped_controller/src/motion_cmd/smfsm/spot_micro_state.h:48:43:\x1b[m\x1b[K \x1b[01;35m\x1b[Kwarning: \x1b[m\x1b[Kunused parameter \xe2\x80\x98\x1b[01m\x1b[Kbody_state\x1b[m\x1b[K\xe2\x80\x99 [\x1b[01;35m\x1b[K\x1b]8;;https://gcc.gnu.org/onlinedocs/gcc/Warning-Options.html#index-Wunused-parameter\x07-Wunused-parameter\x1b]8;;\x07\x1b[m\x1b[K]\n'}
[16.915064] (quadruped_controller) StderrLine: {'line': b'   48 |   virtual void init(\x1b[01;35m\x1b[Kconst smk::BodyState& body_state\x1b[m\x1b[K,\n'}
[16.915310] (quadruped_controller) StderrLine: {'line': b'      |                     \x1b[01;35m\x1b[K~~~~~~~~~~~~~~~~~~~~~~^~~~~~~~~~\x1b[m\x1b[K\n'}
[16.915620] (quadruped_controller) StderrLine: {'line': b'\x1b[01m\x1b[K/home/ubuntu/pi-dog_ws/src/quadruped_controller/src/motion_cmd/smfsm/spot_micro_state.h:49:48:\x1b[m\x1b[K \x1b[01;35m\x1b[Kwarning: \x1b[m\x1b[Kunused parameter \xe2\x80\x98\x1b[01m\x1b[Ksmnc\x1b[m\x1b[K\xe2\x80\x99 [\x1b[01;35m\x1b[K\x1b]8;;https://gcc.gnu.org/onlinedocs/gcc/Warning-Options.html#index-Wunused-parameter\x07-Wunused-parameter\x1b]8;;\x07\x1b[m\x1b[K]\n'}
[16.915916] (quadruped_controller) StderrLine: {'line': b'   49 |                     \x1b[01;35m\x1b[Kconst SpotMicroNodeConfig& smnc\x1b[m\x1b[K,\n'}
[16.916137] (quadruped_controller) StderrLine: {'line': b'      |                     \x1b[01;35m\x1b[K~~~~~~~~~~~~~~~~~~~~~~~~~~~^~~~\x1b[m\x1b[K\n'}
[16.916342] (quadruped_controller) StderrLine: {'line': b'\x1b[01m\x1b[K/home/ubuntu/pi-dog_ws/src/quadruped_controller/src/motion_cmd/smfsm/spot_micro_state.h:50:36:\x1b[m\x1b[K \x1b[01;35m\x1b[Kwarning: \x1b[m\x1b[Kunused parameter \xe2\x80\x98\x1b[01m\x1b[Kcmd\x1b[m\x1b[K\xe2\x80\x99 [\x1b[01;35m\x1b[K\x1b]8;;https://gcc.gnu.org/onlinedocs/gcc/Warning-Options.html#index-Wunused-parameter\x07-Wunused-parameter\x1b]8;;\x07\x1b[m\x1b[K]\n'}
[16.922074] (quadruped_controller) StderrLine: {'line': b'   50 |                     \x1b[01;35m\x1b[Kconst Command& cmd\x1b[m\x1b[K,\n'}
[16.922384] (quadruped_controller) StderrLine: {'line': b'      |                     \x1b[01;35m\x1b[K~~~~~~~~~~~~~~~^~~\x1b[m\x1b[K\n'}
[16.922691] (quadruped_controller) StderrLine: {'line': b'\x1b[01m\x1b[K/home/ubuntu/pi-dog_ws/src/quadruped_controller/src/motion_cmd/smfsm/spot_micro_state.h:51:41:\x1b[m\x1b[K \x1b[01;35m\x1b[Kwarning: \x1b[m\x1b[Kunused parameter \xe2\x80\x98\x1b[01m\x1b[Ksmmc\x1b[m\x1b[K\xe2\x80\x99 [\x1b[01;35m\x1b[K\x1b]8;;https://gcc.gnu.org/onlinedocs/gcc/Warning-Options.html#index-Wunused-parameter\x07-Wunused-parameter\x1b]8;;\x07\x1b[m\x1b[K]\n'}
[16.922964] (quadruped_controller) StderrLine: {'line': b'   51 |                     \x1b[01;35m\x1b[KSpotMicroMotionCmd* smmc\x1b[m\x1b[K) {}\n'}
[16.923233] (quadruped_controller) StderrLine: {'line': b'      |                     \x1b[01;35m\x1b[K~~~~~~~~~~~~~~~~~~~~^~~~\x1b[m\x1b[K\n'}
[16.941606] (-) TimerEvent: {}
[17.043558] (-) TimerEvent: {}
[17.144024] (-) TimerEvent: {}
[17.237532] (quadruped_controller) StderrLine: {'line': b'\x1b[01m\x1b[K/home/ubuntu/pi-dog_ws/src/quadruped_controller/src/motion_cmd/spot_micro_motion_cmd.cpp:\x1b[m\x1b[K In constructor \xe2\x80\x98\x1b[01m\x1b[KSpotMicroMotionCmd::\x1b[01;32m\x1b[KSpotMicroMotionCmd\x1b[m\x1b[K()\x1b[m\x1b[K\xe2\x80\x99:\n'}
[17.237899] (quadruped_controller) StderrLine: {'line': b'\x1b[01m\x1b[K/home/ubuntu/pi-dog_ws/src/quadruped_controller/src/motion_cmd/spot_micro_motion_cmd.cpp:44:33:\x1b[m\x1b[K \x1b[01;35m\x1b[Kwarning: \x1b[m\x1b[KC++ designated initializers only available with \xe2\x80\x98\x1b[01m\x1b[K-std=c++20\x1b[m\x1b[K\xe2\x80\x99 or \xe2\x80\x98\x1b[01m\x1b[K-std=gnu++20\x1b[m\x1b[K\xe2\x80\x99 [\x1b[01;35m\x1b[K\x1b]8;;https://gcc.gnu.org/onlinedocs/gcc/Warning-Options.html#index-Wc++20-extensions\x07-Wc++20-extensions\x1b]8;;\x07\x1b[m\x1b[K]\n'}
[17.238054] (quadruped_controller) StderrLine: {'line': b'   44 |   body_state_cmd_.euler_angs = {\x1b[01;35m\x1b[K.\x1b[m\x1b[Kphi = 0.0f, .theta = 0.0f, .psi = 0.0f};\n'}
[17.238195] (quadruped_controller) StderrLine: {'line': b'      |                                 \x1b[01;35m\x1b[K^\x1b[m\x1b[K\n'}
[17.238314] (quadruped_controller) StderrLine: {'line': b'\x1b[01m\x1b[K/home/ubuntu/pi-dog_ws/src/quadruped_controller/src/motion_cmd/spot_micro_motion_cmd.cpp:44:46:\x1b[m\x1b[K \x1b[01;35m\x1b[Kwarning: \x1b[m\x1b[KC++ designated initializers only available with \xe2\x80\x98\x1b[01m\x1b[K-std=c++20\x1b[m\x1b[K\xe2\x80\x99 or \xe2\x80\x98\x1b[01m\x1b[K-std=gnu++20\x1b[m\x1b[K\xe2\x80\x99 [\x1b[01;35m\x1b[K\x1b]8;;https://gcc.gnu.org/onlinedocs/gcc/Warning-Options.html#index-Wc++20-extensions\x07-Wc++20-extensions\x1b]8;;\x07\x1b[m\x1b[K]\n'}
[17.238492] (quadruped_controller) StderrLine: {'line': b'   44 |   body_state_cmd_.euler_angs = {.phi = 0.0f, \x1b[01;35m\x1b[K.\x1b[m\x1b[Ktheta = 0.0f, .psi = 0.0f};\n'}
[17.238646] (quadruped_controller) StderrLine: {'line': b'      |                                              \x1b[01;35m\x1b[K^\x1b[m\x1b[K\n'}
[17.238769] (quadruped_controller) StderrLine: {'line': b'\x1b[01m\x1b[K/home/ubuntu/pi-dog_ws/src/quadruped_controller/src/motion_cmd/spot_micro_motion_cmd.cpp:44:61:\x1b[m\x1b[K \x1b[01;35m\x1b[Kwarning: \x1b[m\x1b[KC++ designated initializers only available with \xe2\x80\x98\x1b[01m\x1b[K-std=c++20\x1b[m\x1b[K\xe2\x80\x99 or \xe2\x80\x98\x1b[01m\x1b[K-std=gnu++20\x1b[m\x1b[K\xe2\x80\x99 [\x1b[01;35m\x1b[K\x1b]8;;https://gcc.gnu.org/onlinedocs/gcc/Warning-Options.html#index-Wc++20-extensions\x07-Wc++20-extensions\x1b]8;;\x07\x1b[m\x1b[K]\n'}
[17.238905] (quadruped_controller) StderrLine: {'line': b'   44 |   body_state_cmd_.euler_angs = {.phi = 0.0f, .theta = 0.0f, \x1b[01;35m\x1b[K.\x1b[m\x1b[Kpsi = 0.0f};\n'}
[17.239029] (quadruped_controller) StderrLine: {'line': b'      |                                                             \x1b[01;35m\x1b[K^\x1b[m\x1b[K\n'}
[17.239147] (quadruped_controller) StderrLine: {'line': b'\x1b[01m\x1b[K/home/ubuntu/pi-dog_ws/src/quadruped_controller/src/motion_cmd/spot_micro_motion_cmd.cpp:45:30:\x1b[m\x1b[K \x1b[01;35m\x1b[Kwarning: \x1b[m\x1b[KC++ designated initializers only available with \xe2\x80\x98\x1b[01m\x1b[K-std=c++20\x1b[m\x1b[K\xe2\x80\x99 or \xe2\x80\x98\x1b[01m\x1b[K-std=gnu++20\x1b[m\x1b[K\xe2\x80\x99 [\x1b[01;35m\x1b[K\x1b]8;;https://gcc.gnu.org/onlinedocs/gcc/Warning-Options.html#index-Wc++20-extensions\x07-Wc++20-extensions\x1b]8;;\x07\x1b[m\x1b[K]\n'}
[17.239268] (quadruped_controller) StderrLine: {'line': b'   45 |   body_state_cmd_.xyz_pos = {\x1b[01;35m\x1b[K.\x1b[m\x1b[Kx = 0.0f, .y = smnc_.lie_down_height, .z = 0.0f};\n'}
[17.239385] (quadruped_controller) StderrLine: {'line': b'      |                              \x1b[01;35m\x1b[K^\x1b[m\x1b[K\n'}
[17.239523] (quadruped_controller) StderrLine: {'line': b'\x1b[01m\x1b[K/home/ubuntu/pi-dog_ws/src/quadruped_controller/src/motion_cmd/spot_micro_motion_cmd.cpp:45:41:\x1b[m\x1b[K \x1b[01;35m\x1b[Kwarning: \x1b[m\x1b[KC++ designated initializers only available with \xe2\x80\x98\x1b[01m\x1b[K-std=c++20\x1b[m\x1b[K\xe2\x80\x99 or \xe2\x80\x98\x1b[01m\x1b[K-std=gnu++20\x1b[m\x1b[K\xe2\x80\x99 [\x1b[01;35m\x1b[K\x1b]8;;https://gcc.gnu.org/onlinedocs/gcc/Warning-Options.html#index-Wc++20-extensions\x07-Wc++20-extensions\x1b]8;;\x07\x1b[m\x1b[K]\n'}
[17.241933] (quadruped_controller) StderrLine: {'line': b'   45 |   body_state_cmd_.xyz_pos = {.x = 0.0f, \x1b[01;35m\x1b[K.\x1b[m\x1b[Ky = smnc_.lie_down_height, .z = 0.0f};\n'}
[17.242127] (quadruped_controller) StderrLine: {'line': b'      |                                         \x1b[01;35m\x1b[K^\x1b[m\x1b[K\n'}
[17.242260] (quadruped_controller) StderrLine: {'line': b'\x1b[01m\x1b[K/home/ubuntu/pi-dog_ws/src/quadruped_controller/src/motion_cmd/spot_micro_motion_cmd.cpp:45:69:\x1b[m\x1b[K \x1b[01;35m\x1b[Kwarning: \x1b[m\x1b[KC++ designated initializers only available with \xe2\x80\x98\x1b[01m\x1b[K-std=c++20\x1b[m\x1b[K\xe2\x80\x99 or \xe2\x80\x98\x1b[01m\x1b[K-std=gnu++20\x1b[m\x1b[K\xe2\x80\x99 [\x1b[01;35m\x1b[K\x1b]8;;https://gcc.gnu.org/onlinedocs/gcc/Warning-Options.html#index-Wc++20-extensions\x07-Wc++20-extensions\x1b]8;;\x07\x1b[m\x1b[K]\n'}
[17.242401] (quadruped_controller) StderrLine: {'line': b'   45 |   body_state_cmd_.xyz_pos = {.x = 0.0f, .y = smnc_.lie_down_height, \x1b[01;35m\x1b[K.\x1b[m\x1b[Kz = 0.0f};\n'}
[17.242592] (quadruped_controller) StderrLine: {'line': b'      |                                                                     \x1b[01;35m\x1b[K^\x1b[m\x1b[K\n'}
[17.242745] (quadruped_controller) StderrLine: {'line': b'\x1b[01m\x1b[K/home/ubuntu/pi-dog_ws/src/quadruped_controller/src/motion_cmd/spot_micro_motion_cmd.cpp:52:33:\x1b[m\x1b[K \x1b[01;35m\x1b[Kwarning: \x1b[m\x1b[KC++ designated initializers only available with \xe2\x80\x98\x1b[01m\x1b[K-std=c++20\x1b[m\x1b[K\xe2\x80\x99 or \xe2\x80\x98\x1b[01m\x1b[K-std=gnu++20\x1b[m\x1b[K\xe2\x80\x99 [\x1b[01;35m\x1b[K\x1b]8;;https://gcc.gnu.org/onlinedocs/gcc/Warning-Options.html#index-Wc++20-extensions\x07-Wc++20-extensions\x1b]8;;\x07\x1b[m\x1b[K]\n'}
[17.242897] (quadruped_controller) StderrLine: {'line': b'   52 |   robot_odometry_.euler_angs = {\x1b[01;35m\x1b[K.\x1b[m\x1b[Kphi = 0.0f, .theta = 0.0f, .psi = 0.0f};\n'}
[17.243036] (quadruped_controller) StderrLine: {'line': b'      |                                 \x1b[01;35m\x1b[K^\x1b[m\x1b[K\n'}
[17.243186] (quadruped_controller) StderrLine: {'line': b'\x1b[01m\x1b[K/home/ubuntu/pi-dog_ws/src/quadruped_controller/src/motion_cmd/spot_micro_motion_cmd.cpp:52:46:\x1b[m\x1b[K \x1b[01;35m\x1b[Kwarning: \x1b[m\x1b[KC++ designated initializers only available with \xe2\x80\x98\x1b[01m\x1b[K-std=c++20\x1b[m\x1b[K\xe2\x80\x99 or \xe2\x80\x98\x1b[01m\x1b[K-std=gnu++20\x1b[m\x1b[K\xe2\x80\x99 [\x1b[01;35m\x1b[K\x1b]8;;https://gcc.gnu.org/onlinedocs/gcc/Warning-Options.html#index-Wc++20-extensions\x07-Wc++20-extensions\x1b]8;;\x07\x1b[m\x1b[K]\n'}
[17.243332] (quadruped_controller) StderrLine: {'line': b'   52 |   robot_odometry_.euler_angs = {.phi = 0.0f, \x1b[01;35m\x1b[K.\x1b[m\x1b[Ktheta = 0.0f, .psi = 0.0f};\n'}
[17.243512] (quadruped_controller) StderrLine: {'line': b'      |                                              \x1b[01;35m\x1b[K^\x1b[m\x1b[K\n'}
[17.243657] (quadruped_controller) StderrLine: {'line': b'\x1b[01m\x1b[K/home/ubuntu/pi-dog_ws/src/quadruped_controller/src/motion_cmd/spot_micro_motion_cmd.cpp:52:61:\x1b[m\x1b[K \x1b[01;35m\x1b[Kwarning: \x1b[m\x1b[KC++ designated initializers only available with \xe2\x80\x98\x1b[01m\x1b[K-std=c++20\x1b[m\x1b[K\xe2\x80\x99 or \xe2\x80\x98\x1b[01m\x1b[K-std=gnu++20\x1b[m\x1b[K\xe2\x80\x99 [\x1b[01;35m\x1b[K\x1b]8;;https://gcc.gnu.org/onlinedocs/gcc/Warning-Options.html#index-Wc++20-extensions\x07-Wc++20-extensions\x1b]8;;\x07\x1b[m\x1b[K]\n'}
[17.243780] (quadruped_controller) StderrLine: {'line': b'   52 |   robot_odometry_.euler_angs = {.phi = 0.0f, .theta = 0.0f, \x1b[01;35m\x1b[K.\x1b[m\x1b[Kpsi = 0.0f};\n'}
[17.243900] (quadruped_controller) StderrLine: {'line': b'      |                                                             \x1b[01;35m\x1b[K^\x1b[m\x1b[K\n'}
[17.244011] (-) TimerEvent: {}
[17.247881] (quadruped_controller) StderrLine: {'line': b'\x1b[01m\x1b[K/home/ubuntu/pi-dog_ws/src/quadruped_controller/src/motion_cmd/spot_micro_motion_cmd.cpp:53:30:\x1b[m\x1b[K \x1b[01;35m\x1b[Kwarning: \x1b[m\x1b[KC++ designated initializers only available with \xe2\x80\x98\x1b[01m\x1b[K-std=c++20\x1b[m\x1b[K\xe2\x80\x99 or \xe2\x80\x98\x1b[01m\x1b[K-std=gnu++20\x1b[m\x1b[K\xe2\x80\x99 [\x1b[01;35m\x1b[K\x1b]8;;https://gcc.gnu.org/onlinedocs/gcc/Warning-Options.html#index-Wc++20-extensions\x07-Wc++20-extensions\x1b]8;;\x07\x1b[m\x1b[K]\n'}
[17.248266] (quadruped_controller) StderrLine: {'line': b'   53 |   robot_odometry_.xyz_pos = {\x1b[01;35m\x1b[K.\x1b[m\x1b[Kx = 0.0f, .y = 0.0f, .z = 0.0f};\n'}
[17.248439] (quadruped_controller) StderrLine: {'line': b'      |                              \x1b[01;35m\x1b[K^\x1b[m\x1b[K\n'}
[17.248647] (quadruped_controller) StderrLine: {'line': b'\x1b[01m\x1b[K/home/ubuntu/pi-dog_ws/src/quadruped_controller/src/motion_cmd/spot_micro_motion_cmd.cpp:53:41:\x1b[m\x1b[K \x1b[01;35m\x1b[Kwarning: \x1b[m\x1b[KC++ designated initializers only available with \xe2\x80\x98\x1b[01m\x1b[K-std=c++20\x1b[m\x1b[K\xe2\x80\x99 or \xe2\x80\x98\x1b[01m\x1b[K-std=gnu++20\x1b[m\x1b[K\xe2\x80\x99 [\x1b[01;35m\x1b[K\x1b]8;;https://gcc.gnu.org/onlinedocs/gcc/Warning-Options.html#index-Wc++20-extensions\x07-Wc++20-extensions\x1b]8;;\x07\x1b[m\x1b[K]\n'}
[17.248816] (quadruped_controller) StderrLine: {'line': b'   53 |   robot_odometry_.xyz_pos = {.x = 0.0f, \x1b[01;35m\x1b[K.\x1b[m\x1b[Ky = 0.0f, .z = 0.0f};\n'}
[17.249627] (quadruped_controller) StderrLine: {'line': b'      |                                         \x1b[01;35m\x1b[K^\x1b[m\x1b[K\n'}
[17.249782] (quadruped_controller) StderrLine: {'line': b'\x1b[01m\x1b[K/home/ubuntu/pi-dog_ws/src/quadruped_controller/src/motion_cmd/spot_micro_motion_cmd.cpp:53:52:\x1b[m\x1b[K \x1b[01;35m\x1b[Kwarning: \x1b[m\x1b[KC++ designated initializers only available with \xe2\x80\x98\x1b[01m\x1b[K-std=c++20\x1b[m\x1b[K\xe2\x80\x99 or \xe2\x80\x98\x1b[01m\x1b[K-std=gnu++20\x1b[m\x1b[K\xe2\x80\x99 [\x1b[01;35m\x1b[K\x1b]8;;https://gcc.gnu.org/onlinedocs/gcc/Warning-Options.html#index-Wc++20-extensions\x07-Wc++20-extensions\x1b]8;;\x07\x1b[m\x1b[K]\n'}
[17.249944] (quadruped_controller) StderrLine: {'line': b'   53 |   robot_odometry_.xyz_pos = {.x = 0.0f, .y = 0.0f, \x1b[01;35m\x1b[K.\x1b[m\x1b[Kz = 0.0f};\n'}
[17.250076] (quadruped_controller) StderrLine: {'line': b'      |                                                    \x1b[01;35m\x1b[K^\x1b[m\x1b[K\n'}
[17.285602] (quadruped_controller) StderrLine: {'line': b'\x1b[01m\x1b[K/home/ubuntu/pi-dog_ws/src/quadruped_controller/src/motion_cmd/spot_micro_motion_cmd.cpp:\x1b[m\x1b[K In member function \xe2\x80\x98\x1b[01m\x1b[Ksmk::LegsFootPos SpotMicroMotionCmd::\x1b[01;32m\x1b[KgetNeutralStance\x1b[m\x1b[K()\x1b[m\x1b[K\xe2\x80\x99:\n'}
[17.286154] (quadruped_controller) StderrLine: {'line': b'\x1b[01m\x1b[K/home/ubuntu/pi-dog_ws/src/quadruped_controller/src/motion_cmd/spot_micro_motion_cmd.cpp:293:33:\x1b[m\x1b[K \x1b[01;35m\x1b[Kwarning: \x1b[m\x1b[KC++ designated initializers only available with \xe2\x80\x98\x1b[01m\x1b[K-std=c++20\x1b[m\x1b[K\xe2\x80\x99 or \xe2\x80\x98\x1b[01m\x1b[K-std=gnu++20\x1b[m\x1b[K\xe2\x80\x99 [\x1b[01;35m\x1b[K\x1b]8;;https://gcc.gnu.org/onlinedocs/gcc/Warning-Options.html#index-Wc++20-extensions\x07-Wc++20-extensions\x1b]8;;\x07\x1b[m\x1b[K]\n'}
[17.286522] (quadruped_controller) StderrLine: {'line': b'  293 |   neutral_stance.right_back  = {\x1b[01;35m\x1b[K.\x1b[m\x1b[Kx = -len/2 + b_offset, .y = 0.0f, .z =  width/2 + l1};\n'}
[17.286897] (quadruped_controller) StderrLine: {'line': b'      |                                 \x1b[01;35m\x1b[K^\x1b[m\x1b[K\n'}
[17.287378] (quadruped_controller) StderrLine: {'line': b'\x1b[01m\x1b[K/home/ubuntu/pi-dog_ws/src/quadruped_controller/src/motion_cmd/spot_micro_motion_cmd.cpp:293:57:\x1b[m\x1b[K \x1b[01;35m\x1b[Kwarning: \x1b[m\x1b[KC++ designated initializers only available with \xe2\x80\x98\x1b[01m\x1b[K-std=c++20\x1b[m\x1b[K\xe2\x80\x99 or \xe2\x80\x98\x1b[01m\x1b[K-std=gnu++20\x1b[m\x1b[K\xe2\x80\x99 [\x1b[01;35m\x1b[K\x1b]8;;https://gcc.gnu.org/onlinedocs/gcc/Warning-Options.html#index-Wc++20-extensions\x07-Wc++20-extensions\x1b]8;;\x07\x1b[m\x1b[K]\n'}
[17.287826] (quadruped_controller) StderrLine: {'line': b'  293 |   neutral_stance.right_back  = {.x = -len/2 + b_offset, \x1b[01;35m\x1b[K.\x1b[m\x1b[Ky = 0.0f, .z =  width/2 + l1};\n'}
[17.288157] (quadruped_controller) StderrLine: {'line': b'      |                                                         \x1b[01;35m\x1b[K^\x1b[m\x1b[K\n'}
[17.288586] (quadruped_controller) StderrLine: {'line': b'\x1b[01m\x1b[K/home/ubuntu/pi-dog_ws/src/quadruped_controller/src/motion_cmd/spot_micro_motion_cmd.cpp:293:68:\x1b[m\x1b[K \x1b[01;35m\x1b[Kwarning: \x1b[m\x1b[KC++ designated initializers only available with \xe2\x80\x98\x1b[01m\x1b[K-std=c++20\x1b[m\x1b[K\xe2\x80\x99 or \xe2\x80\x98\x1b[01m\x1b[K-std=gnu++20\x1b[m\x1b[K\xe2\x80\x99 [\x1b[01;35m\x1b[K\x1b]8;;https://gcc.gnu.org/onlinedocs/gcc/Warning-Options.html#index-Wc++20-extensions\x07-Wc++20-extensions\x1b]8;;\x07\x1b[m\x1b[K]\n'}
[17.289197] (quadruped_controller) StderrLine: {'line': b'  293 |   neutral_stance.right_back  = {.x = -len/2 + b_offset, .y = 0.0f, \x1b[01;35m\x1b[K.\x1b[m\x1b[Kz =  width/2 + l1};\n'}
[17.289423] (quadruped_controller) StderrLine: {'line': b'      |                                                                    \x1b[01;35m\x1b[K^\x1b[m\x1b[K\n'}
[17.289609] (quadruped_controller) StderrLine: {'line': b'\x1b[01m\x1b[K/home/ubuntu/pi-dog_ws/src/quadruped_controller/src/motion_cmd/spot_micro_motion_cmd.cpp:294:33:\x1b[m\x1b[K \x1b[01;35m\x1b[Kwarning: \x1b[m\x1b[KC++ designated initializers only available with \xe2\x80\x98\x1b[01m\x1b[K-std=c++20\x1b[m\x1b[K\xe2\x80\x99 or \xe2\x80\x98\x1b[01m\x1b[K-std=gnu++20\x1b[m\x1b[K\xe2\x80\x99 [\x1b[01;35m\x1b[K\x1b]8;;https://gcc.gnu.org/onlinedocs/gcc/Warning-Options.html#index-Wc++20-extensions\x07-Wc++20-extensions\x1b]8;;\x07\x1b[m\x1b[K]\n'}
[17.290671] (quadruped_controller) StderrLine: {'line': b'  294 |   neutral_stance.right_front = {\x1b[01;35m\x1b[K.\x1b[m\x1b[Kx =  len/2 + f_offset, .y = 0.0f, .z =  width/2 + l1};\n'}
[17.290997] (quadruped_controller) StderrLine: {'line': b'      |                                 \x1b[01;35m\x1b[K^\x1b[m\x1b[K\n'}
[17.291163] (quadruped_controller) StderrLine: {'line': b'\x1b[01m\x1b[K/home/ubuntu/pi-dog_ws/src/quadruped_controller/src/motion_cmd/spot_micro_motion_cmd.cpp:294:57:\x1b[m\x1b[K \x1b[01;35m\x1b[Kwarning: \x1b[m\x1b[KC++ designated initializers only available with \xe2\x80\x98\x1b[01m\x1b[K-std=c++20\x1b[m\x1b[K\xe2\x80\x99 or \xe2\x80\x98\x1b[01m\x1b[K-std=gnu++20\x1b[m\x1b[K\xe2\x80\x99 [\x1b[01;35m\x1b[K\x1b]8;;https://gcc.gnu.org/onlinedocs/gcc/Warning-Options.html#index-Wc++20-extensions\x07-Wc++20-extensions\x1b]8;;\x07\x1b[m\x1b[K]\n'}
[17.291330] (quadruped_controller) StderrLine: {'line': b'  294 |   neutral_stance.right_front = {.x =  len/2 + f_offset, \x1b[01;35m\x1b[K.\x1b[m\x1b[Ky = 0.0f, .z =  width/2 + l1};\n'}
[17.291540] (quadruped_controller) StderrLine: {'line': b'      |                                                         \x1b[01;35m\x1b[K^\x1b[m\x1b[K\n'}
[17.291703] (quadruped_controller) StderrLine: {'line': b'\x1b[01m\x1b[K/home/ubuntu/pi-dog_ws/src/quadruped_controller/src/motion_cmd/spot_micro_motion_cmd.cpp:294:68:\x1b[m\x1b[K \x1b[01;35m\x1b[Kwarning: \x1b[m\x1b[KC++ designated initializers only available with \xe2\x80\x98\x1b[01m\x1b[K-std=c++20\x1b[m\x1b[K\xe2\x80\x99 or \xe2\x80\x98\x1b[01m\x1b[K-std=gnu++20\x1b[m\x1b[K\xe2\x80\x99 [\x1b[01;35m\x1b[K\x1b]8;;https://gcc.gnu.org/onlinedocs/gcc/Warning-Options.html#index-Wc++20-extensions\x07-Wc++20-extensions\x1b]8;;\x07\x1b[m\x1b[K]\n'}
[17.291856] (quadruped_controller) StderrLine: {'line': b'  294 |   neutral_stance.right_front = {.x =  len/2 + f_offset, .y = 0.0f, \x1b[01;35m\x1b[K.\x1b[m\x1b[Kz =  width/2 + l1};\n'}
[17.292012] (quadruped_controller) StderrLine: {'line': b'      |                                                                    \x1b[01;35m\x1b[K^\x1b[m\x1b[K\n'}
[17.292151] (quadruped_controller) StderrLine: {'line': b'\x1b[01m\x1b[K/home/ubuntu/pi-dog_ws/src/quadruped_controller/src/motion_cmd/spot_micro_motion_cmd.cpp:295:33:\x1b[m\x1b[K \x1b[01;35m\x1b[Kwarning: \x1b[m\x1b[KC++ designated initializers only available with \xe2\x80\x98\x1b[01m\x1b[K-std=c++20\x1b[m\x1b[K\xe2\x80\x99 or \xe2\x80\x98\x1b[01m\x1b[K-std=gnu++20\x1b[m\x1b[K\xe2\x80\x99 [\x1b[01;35m\x1b[K\x1b]8;;https://gcc.gnu.org/onlinedocs/gcc/Warning-Options.html#index-Wc++20-extensions\x07-Wc++20-extensions\x1b]8;;\x07\x1b[m\x1b[K]\n'}
[17.292313] (quadruped_controller) StderrLine: {'line': b'  295 |   neutral_stance.left_front  = {\x1b[01;35m\x1b[K.\x1b[m\x1b[Kx =  len/2 + f_offset, .y = 0.0f, .z = -width/2 - l1};\n'}
[17.292473] (quadruped_controller) StderrLine: {'line': b'      |                                 \x1b[01;35m\x1b[K^\x1b[m\x1b[K\n'}
[17.292633] (quadruped_controller) StderrLine: {'line': b'\x1b[01m\x1b[K/home/ubuntu/pi-dog_ws/src/quadruped_controller/src/motion_cmd/spot_micro_motion_cmd.cpp:295:57:\x1b[m\x1b[K \x1b[01;35m\x1b[Kwarning: \x1b[m\x1b[KC++ designated initializers only available with \xe2\x80\x98\x1b[01m\x1b[K-std=c++20\x1b[m\x1b[K\xe2\x80\x99 or \xe2\x80\x98\x1b[01m\x1b[K-std=gnu++20\x1b[m\x1b[K\xe2\x80\x99 [\x1b[01;35m\x1b[K\x1b]8;;https://gcc.gnu.org/onlinedocs/gcc/Warning-Options.html#index-Wc++20-extensions\x07-Wc++20-extensions\x1b]8;;\x07\x1b[m\x1b[K]\n'}
[17.295863] (quadruped_controller) StderrLine: {'line': b'  295 |   neutral_stance.left_front  = {.x =  len/2 + f_offset, \x1b[01;35m\x1b[K.\x1b[m\x1b[Ky = 0.0f, .z = -width/2 - l1};\n'}
[17.296221] (quadruped_controller) StderrLine: {'line': b'      |                                                         \x1b[01;35m\x1b[K^\x1b[m\x1b[K\n'}
[17.296388] (quadruped_controller) StderrLine: {'line': b'\x1b[01m\x1b[K/home/ubuntu/pi-dog_ws/src/quadruped_controller/src/motion_cmd/spot_micro_motion_cmd.cpp:295:68:\x1b[m\x1b[K \x1b[01;35m\x1b[Kwarning: \x1b[m\x1b[KC++ designated initializers only available with \xe2\x80\x98\x1b[01m\x1b[K-std=c++20\x1b[m\x1b[K\xe2\x80\x99 or \xe2\x80\x98\x1b[01m\x1b[K-std=gnu++20\x1b[m\x1b[K\xe2\x80\x99 [\x1b[01;35m\x1b[K\x1b]8;;https://gcc.gnu.org/onlinedocs/gcc/Warning-Options.html#index-Wc++20-extensions\x07-Wc++20-extensions\x1b]8;;\x07\x1b[m\x1b[K]\n'}
[17.296603] (quadruped_controller) StderrLine: {'line': b'  295 |   neutral_stance.left_front  = {.x =  len/2 + f_offset, .y = 0.0f, \x1b[01;35m\x1b[K.\x1b[m\x1b[Kz = -width/2 - l1};\n'}
[17.296767] (quadruped_controller) StderrLine: {'line': b'      |                                                                    \x1b[01;35m\x1b[K^\x1b[m\x1b[K\n'}
[17.296906] (quadruped_controller) StderrLine: {'line': b'\x1b[01m\x1b[K/home/ubuntu/pi-dog_ws/src/quadruped_controller/src/motion_cmd/spot_micro_motion_cmd.cpp:296:33:\x1b[m\x1b[K \x1b[01;35m\x1b[Kwarning: \x1b[m\x1b[KC++ designated initializers only available with \xe2\x80\x98\x1b[01m\x1b[K-std=c++20\x1b[m\x1b[K\xe2\x80\x99 or \xe2\x80\x98\x1b[01m\x1b[K-std=gnu++20\x1b[m\x1b[K\xe2\x80\x99 [\x1b[01;35m\x1b[K\x1b]8;;https://gcc.gnu.org/onlinedocs/gcc/Warning-Options.html#index-Wc++20-extensions\x07-Wc++20-extensions\x1b]8;;\x07\x1b[m\x1b[K]\n'}
[17.297096] (quadruped_controller) StderrLine: {'line': b'  296 |   neutral_stance.left_back   = {\x1b[01;35m\x1b[K.\x1b[m\x1b[Kx = -len/2 + b_offset, .y = 0.0f, .z = -width/2 - l1};\n'}
[17.297224] (quadruped_controller) StderrLine: {'line': b'      |                                 \x1b[01;35m\x1b[K^\x1b[m\x1b[K\n'}
[17.297370] (quadruped_controller) StderrLine: {'line': b'\x1b[01m\x1b[K/home/ubuntu/pi-dog_ws/src/quadruped_controller/src/motion_cmd/spot_micro_motion_cmd.cpp:296:57:\x1b[m\x1b[K \x1b[01;35m\x1b[Kwarning: \x1b[m\x1b[KC++ designated initializers only available with \xe2\x80\x98\x1b[01m\x1b[K-std=c++20\x1b[m\x1b[K\xe2\x80\x99 or \xe2\x80\x98\x1b[01m\x1b[K-std=gnu++20\x1b[m\x1b[K\xe2\x80\x99 [\x1b[01;35m\x1b[K\x1b]8;;https://gcc.gnu.org/onlinedocs/gcc/Warning-Options.html#index-Wc++20-extensions\x07-Wc++20-extensions\x1b]8;;\x07\x1b[m\x1b[K]\n'}
[17.297574] (quadruped_controller) StderrLine: {'line': b'  296 |   neutral_stance.left_back   = {.x = -len/2 + b_offset, \x1b[01;35m\x1b[K.\x1b[m\x1b[Ky = 0.0f, .z = -width/2 - l1};\n'}
[17.297748] (quadruped_controller) StderrLine: {'line': b'      |                                                         \x1b[01;35m\x1b[K^\x1b[m\x1b[K\n'}
[17.297873] (quadruped_controller) StderrLine: {'line': b'\x1b[01m\x1b[K/home/ubuntu/pi-dog_ws/src/quadruped_controller/src/motion_cmd/spot_micro_motion_cmd.cpp:296:68:\x1b[m\x1b[K \x1b[01;35m\x1b[Kwarning: \x1b[m\x1b[KC++ designated initializers only available with \xe2\x80\x98\x1b[01m\x1b[K-std=c++20\x1b[m\x1b[K\xe2\x80\x99 or \xe2\x80\x98\x1b[01m\x1b[K-std=gnu++20\x1b[m\x1b[K\xe2\x80\x99 [\x1b[01;35m\x1b[K\x1b]8;;https://gcc.gnu.org/onlinedocs/gcc/Warning-Options.html#index-Wc++20-extensions\x07-Wc++20-extensions\x1b]8;;\x07\x1b[m\x1b[K]\n'}
[17.298014] (quadruped_controller) StderrLine: {'line': b'  296 |   neutral_stance.left_back   = {.x = -len/2 + b_offset, .y = 0.0f, \x1b[01;35m\x1b[K.\x1b[m\x1b[Kz = -width/2 - l1};\n'}
[17.298155] (quadruped_controller) StderrLine: {'line': b'      |                                                                    \x1b[01;35m\x1b[K^\x1b[m\x1b[K\n'}
[17.298285] (quadruped_controller) StderrLine: {'line': b'\x1b[01m\x1b[K/home/ubuntu/pi-dog_ws/src/quadruped_controller/src/motion_cmd/spot_micro_motion_cmd.cpp:\x1b[m\x1b[K In member function \xe2\x80\x98\x1b[01m\x1b[Ksmk::LegsFootPos SpotMicroMotionCmd::\x1b[01;32m\x1b[KgetLieDownStance\x1b[m\x1b[K()\x1b[m\x1b[K\xe2\x80\x99:\n'}
[17.298401] (quadruped_controller) StderrLine: {'line': b'\x1b[01m\x1b[K/home/ubuntu/pi-dog_ws/src/quadruped_controller/src/motion_cmd/spot_micro_motion_cmd.cpp:309:34:\x1b[m\x1b[K \x1b[01;35m\x1b[Kwarning: \x1b[m\x1b[KC++ designated initializers only available with \xe2\x80\x98\x1b[01m\x1b[K-std=c++20\x1b[m\x1b[K\xe2\x80\x99 or \xe2\x80\x98\x1b[01m\x1b[K-std=gnu++20\x1b[m\x1b[K\xe2\x80\x99 [\x1b[01;35m\x1b[K\x1b]8;;https://gcc.gnu.org/onlinedocs/gcc/Warning-Options.html#index-Wc++20-extensions\x07-Wc++20-extensions\x1b]8;;\x07\x1b[m\x1b[K]\n'}
[17.304070] (quadruped_controller) StderrLine: {'line': b'  309 |   lie_down_stance.right_back  = {\x1b[01;35m\x1b[K.\x1b[m\x1b[Kx = -len/2 + x_off, .y = 0.0f, .z =  width/2 + l1};\n'}
[17.304440] (quadruped_controller) StderrLine: {'line': b'      |                                  \x1b[01;35m\x1b[K^\x1b[m\x1b[K\n'}
[17.304768] (quadruped_controller) StderrLine: {'line': b'\x1b[01m\x1b[K/home/ubuntu/pi-dog_ws/src/quadruped_controller/src/motion_cmd/spot_micro_motion_cmd.cpp:309:55:\x1b[m\x1b[K \x1b[01;35m\x1b[Kwarning: \x1b[m\x1b[KC++ designated initializers only available with \xe2\x80\x98\x1b[01m\x1b[K-std=c++20\x1b[m\x1b[K\xe2\x80\x99 or \xe2\x80\x98\x1b[01m\x1b[K-std=gnu++20\x1b[m\x1b[K\xe2\x80\x99 [\x1b[01;35m\x1b[K\x1b]8;;https://gcc.gnu.org/onlinedocs/gcc/Warning-Options.html#index-Wc++20-extensions\x07-Wc++20-extensions\x1b]8;;\x07\x1b[m\x1b[K]\n'}
[17.305084] (quadruped_controller) StderrLine: {'line': b'  309 |   lie_down_stance.right_back  = {.x = -len/2 + x_off, \x1b[01;35m\x1b[K.\x1b[m\x1b[Ky = 0.0f, .z =  width/2 + l1};\n'}
[17.305334] (quadruped_controller) StderrLine: {'line': b'      |                                                       \x1b[01;35m\x1b[K^\x1b[m\x1b[K\n'}
[17.305655] (quadruped_controller) StderrLine: {'line': b'\x1b[01m\x1b[K/home/ubuntu/pi-dog_ws/src/quadruped_controller/src/motion_cmd/spot_micro_motion_cmd.cpp:309:66:\x1b[m\x1b[K \x1b[01;35m\x1b[Kwarning: \x1b[m\x1b[KC++ designated initializers only available with \xe2\x80\x98\x1b[01m\x1b[K-std=c++20\x1b[m\x1b[K\xe2\x80\x99 or \xe2\x80\x98\x1b[01m\x1b[K-std=gnu++20\x1b[m\x1b[K\xe2\x80\x99 [\x1b[01;35m\x1b[K\x1b]8;;https://gcc.gnu.org/onlinedocs/gcc/Warning-Options.html#index-Wc++20-extensions\x07-Wc++20-extensions\x1b]8;;\x07\x1b[m\x1b[K]\n'}
[17.305949] (quadruped_controller) StderrLine: {'line': b'  309 |   lie_down_stance.right_back  = {.x = -len/2 + x_off, .y = 0.0f, \x1b[01;35m\x1b[K.\x1b[m\x1b[Kz =  width/2 + l1};\n'}
[17.306207] (quadruped_controller) StderrLine: {'line': b'      |                                                                  \x1b[01;35m\x1b[K^\x1b[m\x1b[K\n'}
[17.306444] (quadruped_controller) StderrLine: {'line': b'\x1b[01m\x1b[K/home/ubuntu/pi-dog_ws/src/quadruped_controller/src/motion_cmd/spot_micro_motion_cmd.cpp:310:34:\x1b[m\x1b[K \x1b[01;35m\x1b[Kwarning: \x1b[m\x1b[KC++ designated initializers only available with \xe2\x80\x98\x1b[01m\x1b[K-std=c++20\x1b[m\x1b[K\xe2\x80\x99 or \xe2\x80\x98\x1b[01m\x1b[K-std=gnu++20\x1b[m\x1b[K\xe2\x80\x99 [\x1b[01;35m\x1b[K\x1b]8;;https://gcc.gnu.org/onlinedocs/gcc/Warning-Options.html#index-Wc++20-extensions\x07-Wc++20-extensions\x1b]8;;\x07\x1b[m\x1b[K]\n'}
[17.310119] (quadruped_controller) StderrLine: {'line': b'  310 |   lie_down_stance.right_front = {\x1b[01;35m\x1b[K.\x1b[m\x1b[Kx =  len/2 + x_off, .y = 0.0f, .z =  width/2 + l1};\n'}
[17.310425] (quadruped_controller) StderrLine: {'line': b'      |                                  \x1b[01;35m\x1b[K^\x1b[m\x1b[K\n'}
[17.310795] (quadruped_controller) StderrLine: {'line': b'\x1b[01m\x1b[K/home/ubuntu/pi-dog_ws/src/quadruped_controller/src/motion_cmd/spot_micro_motion_cmd.cpp:310:55:\x1b[m\x1b[K \x1b[01;35m\x1b[Kwarning: \x1b[m\x1b[KC++ designated initializers only available with \xe2\x80\x98\x1b[01m\x1b[K-std=c++20\x1b[m\x1b[K\xe2\x80\x99 or \xe2\x80\x98\x1b[01m\x1b[K-std=gnu++20\x1b[m\x1b[K\xe2\x80\x99 [\x1b[01;35m\x1b[K\x1b]8;;https://gcc.gnu.org/onlinedocs/gcc/Warning-Options.html#index-Wc++20-extensions\x07-Wc++20-extensions\x1b]8;;\x07\x1b[m\x1b[K]\n'}
[17.311102] (quadruped_controller) StderrLine: {'line': b'  310 |   lie_down_stance.right_front = {.x =  len/2 + x_off, \x1b[01;35m\x1b[K.\x1b[m\x1b[Ky = 0.0f, .z =  width/2 + l1};\n'}
[17.311356] (quadruped_controller) StderrLine: {'line': b'      |                                                       \x1b[01;35m\x1b[K^\x1b[m\x1b[K\n'}
[17.311698] (quadruped_controller) StderrLine: {'line': b'\x1b[01m\x1b[K/home/ubuntu/pi-dog_ws/src/quadruped_controller/src/motion_cmd/spot_micro_motion_cmd.cpp:310:66:\x1b[m\x1b[K \x1b[01;35m\x1b[Kwarning: \x1b[m\x1b[KC++ designated initializers only available with \xe2\x80\x98\x1b[01m\x1b[K-std=c++20\x1b[m\x1b[K\xe2\x80\x99 or \xe2\x80\x98\x1b[01m\x1b[K-std=gnu++20\x1b[m\x1b[K\xe2\x80\x99 [\x1b[01;35m\x1b[K\x1b]8;;https://gcc.gnu.org/onlinedocs/gcc/Warning-Options.html#index-Wc++20-extensions\x07-Wc++20-extensions\x1b]8;;\x07\x1b[m\x1b[K]\n'}
[17.311998] (quadruped_controller) StderrLine: {'line': b'  310 |   lie_down_stance.right_front = {.x =  len/2 + x_off, .y = 0.0f, \x1b[01;35m\x1b[K.\x1b[m\x1b[Kz =  width/2 + l1};\n'}
[17.312270] (quadruped_controller) StderrLine: {'line': b'      |                                                                  \x1b[01;35m\x1b[K^\x1b[m\x1b[K\n'}
[17.316014] (quadruped_controller) StderrLine: {'line': b'\x1b[01m\x1b[K/home/ubuntu/pi-dog_ws/src/quadruped_controller/src/motion_cmd/spot_micro_motion_cmd.cpp:311:34:\x1b[m\x1b[K \x1b[01;35m\x1b[Kwarning: \x1b[m\x1b[KC++ designated initializers only available with \xe2\x80\x98\x1b[01m\x1b[K-std=c++20\x1b[m\x1b[K\xe2\x80\x99 or \xe2\x80\x98\x1b[01m\x1b[K-std=gnu++20\x1b[m\x1b[K\xe2\x80\x99 [\x1b[01;35m\x1b[K\x1b]8;;https://gcc.gnu.org/onlinedocs/gcc/Warning-Options.html#index-Wc++20-extensions\x07-Wc++20-extensions\x1b]8;;\x07\x1b[m\x1b[K]\n'}
[17.316477] (quadruped_controller) StderrLine: {'line': b'  311 |   lie_down_stance.left_front  = {\x1b[01;35m\x1b[K.\x1b[m\x1b[Kx =  len/2 + x_off, .y = 0.0f, .z = -width/2 - l1};\n'}
[17.316766] (quadruped_controller) StderrLine: {'line': b'      |                                  \x1b[01;35m\x1b[K^\x1b[m\x1b[K\n'}
[17.317044] (quadruped_controller) StderrLine: {'line': b'\x1b[01m\x1b[K/home/ubuntu/pi-dog_ws/src/quadruped_controller/src/motion_cmd/spot_micro_motion_cmd.cpp:311:55:\x1b[m\x1b[K \x1b[01;35m\x1b[Kwarning: \x1b[m\x1b[KC++ designated initializers only available with \xe2\x80\x98\x1b[01m\x1b[K-std=c++20\x1b[m\x1b[K\xe2\x80\x99 or \xe2\x80\x98\x1b[01m\x1b[K-std=gnu++20\x1b[m\x1b[K\xe2\x80\x99 [\x1b[01;35m\x1b[K\x1b]8;;https://gcc.gnu.org/onlinedocs/gcc/Warning-Options.html#index-Wc++20-extensions\x07-Wc++20-extensions\x1b]8;;\x07\x1b[m\x1b[K]\n'}
[17.317365] (quadruped_controller) StderrLine: {'line': b'  311 |   lie_down_stance.left_front  = {.x =  len/2 + x_off, \x1b[01;35m\x1b[K.\x1b[m\x1b[Ky = 0.0f, .z = -width/2 - l1};\n'}
[17.317691] (quadruped_controller) StderrLine: {'line': b'      |                                                       \x1b[01;35m\x1b[K^\x1b[m\x1b[K\n'}
[17.317962] (quadruped_controller) StderrLine: {'line': b'\x1b[01m\x1b[K/home/ubuntu/pi-dog_ws/src/quadruped_controller/src/motion_cmd/spot_micro_motion_cmd.cpp:311:66:\x1b[m\x1b[K \x1b[01;35m\x1b[Kwarning: \x1b[m\x1b[KC++ designated initializers only available with \xe2\x80\x98\x1b[01m\x1b[K-std=c++20\x1b[m\x1b[K\xe2\x80\x99 or \xe2\x80\x98\x1b[01m\x1b[K-std=gnu++20\x1b[m\x1b[K\xe2\x80\x99 [\x1b[01;35m\x1b[K\x1b]8;;https://gcc.gnu.org/onlinedocs/gcc/Warning-Options.html#index-Wc++20-extensions\x07-Wc++20-extensions\x1b]8;;\x07\x1b[m\x1b[K]\n'}
[17.318237] (quadruped_controller) StderrLine: {'line': b'  311 |   lie_down_stance.left_front  = {.x =  len/2 + x_off, .y = 0.0f, \x1b[01;35m\x1b[K.\x1b[m\x1b[Kz = -width/2 - l1};\n'}
[17.321610] (quadruped_controller) StderrLine: {'line': b'      |                                                                  \x1b[01;35m\x1b[K^\x1b[m\x1b[K\n'}
[17.322121] (quadruped_controller) StderrLine: {'line': b'\x1b[01m\x1b[K/home/ubuntu/pi-dog_ws/src/quadruped_controller/src/motion_cmd/spot_micro_motion_cmd.cpp:312:34:\x1b[m\x1b[K \x1b[01;35m\x1b[Kwarning: \x1b[m\x1b[KC++ designated initializers only available with \xe2\x80\x98\x1b[01m\x1b[K-std=c++20\x1b[m\x1b[K\xe2\x80\x99 or \xe2\x80\x98\x1b[01m\x1b[K-std=gnu++20\x1b[m\x1b[K\xe2\x80\x99 [\x1b[01;35m\x1b[K\x1b]8;;https://gcc.gnu.org/onlinedocs/gcc/Warning-Options.html#index-Wc++20-extensions\x07-Wc++20-extensions\x1b]8;;\x07\x1b[m\x1b[K]\n'}
[17.322397] (quadruped_controller) StderrLine: {'line': b'  312 |   lie_down_stance.left_back   = {\x1b[01;35m\x1b[K.\x1b[m\x1b[Kx = -len/2 + x_off, .y = 0.0f, .z = -width/2 - l1};\n'}
[17.322686] (quadruped_controller) StderrLine: {'line': b'      |                                  \x1b[01;35m\x1b[K^\x1b[m\x1b[K\n'}
[17.322931] (quadruped_controller) StderrLine: {'line': b'\x1b[01m\x1b[K/home/ubuntu/pi-dog_ws/src/quadruped_controller/src/motion_cmd/spot_micro_motion_cmd.cpp:312:55:\x1b[m\x1b[K \x1b[01;35m\x1b[Kwarning: \x1b[m\x1b[KC++ designated initializers only available with \xe2\x80\x98\x1b[01m\x1b[K-std=c++20\x1b[m\x1b[K\xe2\x80\x99 or \xe2\x80\x98\x1b[01m\x1b[K-std=gnu++20\x1b[m\x1b[K\xe2\x80\x99 [\x1b[01;35m\x1b[K\x1b]8;;https://gcc.gnu.org/onlinedocs/gcc/Warning-Options.html#index-Wc++20-extensions\x07-Wc++20-extensions\x1b]8;;\x07\x1b[m\x1b[K]\n'}
[17.323165] (quadruped_controller) StderrLine: {'line': b'  312 |   lie_down_stance.left_back   = {.x = -len/2 + x_off, \x1b[01;35m\x1b[K.\x1b[m\x1b[Ky = 0.0f, .z = -width/2 - l1};\n'}
[17.323440] (quadruped_controller) StderrLine: {'line': b'      |                                                       \x1b[01;35m\x1b[K^\x1b[m\x1b[K\n'}
[17.323809] (quadruped_controller) StderrLine: {'line': b'\x1b[01m\x1b[K/home/ubuntu/pi-dog_ws/src/quadruped_controller/src/motion_cmd/spot_micro_motion_cmd.cpp:312:66:\x1b[m\x1b[K \x1b[01;35m\x1b[Kwarning: \x1b[m\x1b[KC++ designated initializers only available with \xe2\x80\x98\x1b[01m\x1b[K-std=c++20\x1b[m\x1b[K\xe2\x80\x99 or \xe2\x80\x98\x1b[01m\x1b[K-std=gnu++20\x1b[m\x1b[K\xe2\x80\x99 [\x1b[01;35m\x1b[K\x1b]8;;https://gcc.gnu.org/onlinedocs/gcc/Warning-Options.html#index-Wc++20-extensions\x07-Wc++20-extensions\x1b]8;;\x07\x1b[m\x1b[K]\n'}
[17.324140] (quadruped_controller) StderrLine: {'line': b'  312 |   lie_down_stance.left_back   = {.x = -len/2 + x_off, .y = 0.0f, \x1b[01;35m\x1b[K.\x1b[m\x1b[Kz = -width/2 - l1};\n'}
[17.324391] (quadruped_controller) StderrLine: {'line': b'      |                                                                  \x1b[01;35m\x1b[K^\x1b[m\x1b[K\n'}
[17.344213] (-) TimerEvent: {}
[17.444848] (-) TimerEvent: {}
[17.545364] (-) TimerEvent: {}
[17.646554] (-) TimerEvent: {}
[17.751597] (-) TimerEvent: {}
[17.852201] (-) TimerEvent: {}
[17.952741] (-) TimerEvent: {}
[18.053690] (-) TimerEvent: {}
[18.156822] (-) TimerEvent: {}
[18.257416] (-) TimerEvent: {}
[18.359013] (-) TimerEvent: {}
[18.462813] (-) TimerEvent: {}
[18.563288] (-) TimerEvent: {}
[18.666852] (-) TimerEvent: {}
[18.706200] (quadruped_controller) StderrLine: {'line': b'In file included from \x1b[01m\x1b[K/home/ubuntu/pi-dog_ws/src/quadruped_controller/src/motion_cmd/smfsm/spot_micro_stand.h:3\x1b[m\x1b[K,\n'}
[18.706874] (quadruped_controller) StderrLine: {'line': b'                 from \x1b[01m\x1b[K/home/ubuntu/pi-dog_ws/src/quadruped_controller/src/motion_cmd/smfsm/spot_micro_stand.cpp:1\x1b[m\x1b[K:\n'}
[18.707370] (quadruped_controller) StderrLine: {'line': b'\x1b[01m\x1b[K/home/ubuntu/pi-dog_ws/src/quadruped_controller/src/motion_cmd/smfsm/spot_micro_state.h:\x1b[m\x1b[K In member function \xe2\x80\x98\x1b[01m\x1b[Kvirtual void SpotMicroState::\x1b[01;32m\x1b[KhandleInputCommands\x1b[m\x1b[K(const smk::BodyState&, const SpotMicroNodeConfig&, const Command&, SpotMicroMotionCmd*, smk::BodyState*)\x1b[m\x1b[K\xe2\x80\x99:\n'}
[18.707902] (quadruped_controller) StderrLine: {'line': b'\x1b[01m\x1b[K/home/ubuntu/pi-dog_ws/src/quadruped_controller/src/motion_cmd/smfsm/spot_micro_state.h:42:58:\x1b[m\x1b[K \x1b[01;35m\x1b[Kwarning: \x1b[m\x1b[Kunused parameter \xe2\x80\x98\x1b[01m\x1b[Kbody_state\x1b[m\x1b[K\xe2\x80\x99 [\x1b[01;35m\x1b[K\x1b]8;;https://gcc.gnu.org/onlinedocs/gcc/Warning-Options.html#index-Wunused-parameter\x07-Wunused-parameter\x1b]8;;\x07\x1b[m\x1b[K]\n'}
[18.708379] (quadruped_controller) StderrLine: {'line': b'   42 |   virtual void handleInputCommands(\x1b[01;35m\x1b[Kconst smk::BodyState& body_state\x1b[m\x1b[K,\n'}
[18.708890] (quadruped_controller) StderrLine: {'line': b'      |                                    \x1b[01;35m\x1b[K~~~~~~~~~~~~~~~~~~~~~~^~~~~~~~~~\x1b[m\x1b[K\n'}
[18.709595] (quadruped_controller) StderrLine: {'line': b'\x1b[01m\x1b[K/home/ubuntu/pi-dog_ws/src/quadruped_controller/src/motion_cmd/smfsm/spot_micro_state.h:43:63:\x1b[m\x1b[K \x1b[01;35m\x1b[Kwarning: \x1b[m\x1b[Kunused parameter \xe2\x80\x98\x1b[01m\x1b[Ksmnc\x1b[m\x1b[K\xe2\x80\x99 [\x1b[01;35m\x1b[K\x1b]8;;https://gcc.gnu.org/onlinedocs/gcc/Warning-Options.html#index-Wunused-parameter\x07-Wunused-parameter\x1b]8;;\x07\x1b[m\x1b[K]\n'}
[18.710540] (quadruped_controller) StderrLine: {'line': b'   43 |                                    \x1b[01;35m\x1b[Kconst SpotMicroNodeConfig& smnc\x1b[m\x1b[K,\n'}
[18.710831] (quadruped_controller) StderrLine: {'line': b'      |                                    \x1b[01;35m\x1b[K~~~~~~~~~~~~~~~~~~~~~~~~~~~^~~~\x1b[m\x1b[K\n'}
[18.710982] (quadruped_controller) StderrLine: {'line': b'\x1b[01m\x1b[K/home/ubuntu/pi-dog_ws/src/quadruped_controller/src/motion_cmd/smfsm/spot_micro_state.h:44:51:\x1b[m\x1b[K \x1b[01;35m\x1b[Kwarning: \x1b[m\x1b[Kunused parameter \xe2\x80\x98\x1b[01m\x1b[Kcmd\x1b[m\x1b[K\xe2\x80\x99 [\x1b[01;35m\x1b[K\x1b]8;;https://gcc.gnu.org/onlinedocs/gcc/Warning-Options.html#index-Wunused-parameter\x07-Wunused-parameter\x1b]8;;\x07\x1b[m\x1b[K]\n'}
[18.711155] (quadruped_controller) StderrLine: {'line': b'   44 |                                    \x1b[01;35m\x1b[Kconst Command& cmd\x1b[m\x1b[K,\n'}
[18.711296] (quadruped_controller) StderrLine: {'line': b'      |                                    \x1b[01;35m\x1b[K~~~~~~~~~~~~~~~^~~\x1b[m\x1b[K\n'}
[18.711428] (quadruped_controller) StderrLine: {'line': b'\x1b[01m\x1b[K/home/ubuntu/pi-dog_ws/src/quadruped_controller/src/motion_cmd/smfsm/spot_micro_state.h:45:56:\x1b[m\x1b[K \x1b[01;35m\x1b[Kwarning: \x1b[m\x1b[Kunused parameter \xe2\x80\x98\x1b[01m\x1b[Ksmmc\x1b[m\x1b[K\xe2\x80\x99 [\x1b[01;35m\x1b[K\x1b]8;;https://gcc.gnu.org/onlinedocs/gcc/Warning-Options.html#index-Wunused-parameter\x07-Wunused-parameter\x1b]8;;\x07\x1b[m\x1b[K]\n'}
[18.711616] (quadruped_controller) StderrLine: {'line': b'   45 |                                    \x1b[01;35m\x1b[KSpotMicroMotionCmd* smmc\x1b[m\x1b[K,\n'}
[18.711762] (quadruped_controller) StderrLine: {'line': b'      |                                    \x1b[01;35m\x1b[K~~~~~~~~~~~~~~~~~~~~^~~~\x1b[m\x1b[K\n'}
[18.711884] (quadruped_controller) StderrLine: {'line': b'\x1b[01m\x1b[K/home/ubuntu/pi-dog_ws/src/quadruped_controller/src/motion_cmd/smfsm/spot_micro_state.h:46:52:\x1b[m\x1b[K \x1b[01;35m\x1b[Kwarning: \x1b[m\x1b[Kunused parameter \xe2\x80\x98\x1b[01m\x1b[Kbody_state_cmd\x1b[m\x1b[K\xe2\x80\x99 [\x1b[01;35m\x1b[K\x1b]8;;https://gcc.gnu.org/onlinedocs/gcc/Warning-Options.html#index-Wunused-parameter\x07-Wunused-parameter\x1b]8;;\x07\x1b[m\x1b[K]\n'}
[18.715673] (quadruped_controller) StderrLine: {'line': b'   46 |                                    \x1b[01;35m\x1b[Ksmk::BodyState* body_state_cmd\x1b[m\x1b[K) {}\n'}
[18.716013] (quadruped_controller) StderrLine: {'line': b'      |                                    \x1b[01;35m\x1b[K~~~~~~~~~~~~~~~~^~~~~~~~~~~~~~\x1b[m\x1b[K\n'}
[18.716163] (quadruped_controller) StderrLine: {'line': b'\x1b[01m\x1b[K/home/ubuntu/pi-dog_ws/src/quadruped_controller/src/motion_cmd/smfsm/spot_micro_state.h:\x1b[m\x1b[K In member function \xe2\x80\x98\x1b[01m\x1b[Kvirtual void SpotMicroState::\x1b[01;32m\x1b[Kinit\x1b[m\x1b[K(const smk::BodyState&, const SpotMicroNodeConfig&, const Command&, SpotMicroMotionCmd*)\x1b[m\x1b[K\xe2\x80\x99:\n'}
[18.716305] (quadruped_controller) StderrLine: {'line': b'\x1b[01m\x1b[K/home/ubuntu/pi-dog_ws/src/quadruped_controller/src/motion_cmd/smfsm/spot_micro_state.h:48:43:\x1b[m\x1b[K \x1b[01;35m\x1b[Kwarning: \x1b[m\x1b[Kunused parameter \xe2\x80\x98\x1b[01m\x1b[Kbody_state\x1b[m\x1b[K\xe2\x80\x99 [\x1b[01;35m\x1b[K\x1b]8;;https://gcc.gnu.org/onlinedocs/gcc/Warning-Options.html#index-Wunused-parameter\x07-Wunused-parameter\x1b]8;;\x07\x1b[m\x1b[K]\n'}
[18.716499] (quadruped_controller) StderrLine: {'line': b'   48 |   virtual void init(\x1b[01;35m\x1b[Kconst smk::BodyState& body_state\x1b[m\x1b[K,\n'}
[18.716669] (quadruped_controller) StderrLine: {'line': b'      |                     \x1b[01;35m\x1b[K~~~~~~~~~~~~~~~~~~~~~~^~~~~~~~~~\x1b[m\x1b[K\n'}
[18.716790] (quadruped_controller) StderrLine: {'line': b'\x1b[01m\x1b[K/home/ubuntu/pi-dog_ws/src/quadruped_controller/src/motion_cmd/smfsm/spot_micro_state.h:49:48:\x1b[m\x1b[K \x1b[01;35m\x1b[Kwarning: \x1b[m\x1b[Kunused parameter \xe2\x80\x98\x1b[01m\x1b[Ksmnc\x1b[m\x1b[K\xe2\x80\x99 [\x1b[01;35m\x1b[K\x1b]8;;https://gcc.gnu.org/onlinedocs/gcc/Warning-Options.html#index-Wunused-parameter\x07-Wunused-parameter\x1b]8;;\x07\x1b[m\x1b[K]\n'}
[18.716924] (quadruped_controller) StderrLine: {'line': b'   49 |                     \x1b[01;35m\x1b[Kconst SpotMicroNodeConfig& smnc\x1b[m\x1b[K,\n'}
[18.717052] (quadruped_controller) StderrLine: {'line': b'      |                     \x1b[01;35m\x1b[K~~~~~~~~~~~~~~~~~~~~~~~~~~~^~~~\x1b[m\x1b[K\n'}
[18.717173] (quadruped_controller) StderrLine: {'line': b'\x1b[01m\x1b[K/home/ubuntu/pi-dog_ws/src/quadruped_controller/src/motion_cmd/smfsm/spot_micro_state.h:50:36:\x1b[m\x1b[K \x1b[01;35m\x1b[Kwarning: \x1b[m\x1b[Kunused parameter \xe2\x80\x98\x1b[01m\x1b[Kcmd\x1b[m\x1b[K\xe2\x80\x99 [\x1b[01;35m\x1b[K\x1b]8;;https://gcc.gnu.org/onlinedocs/gcc/Warning-Options.html#index-Wunused-parameter\x07-Wunused-parameter\x1b]8;;\x07\x1b[m\x1b[K]\n'}
[18.717333] (quadruped_controller) StderrLine: {'line': b'   50 |                     \x1b[01;35m\x1b[Kconst Command& cmd\x1b[m\x1b[K,\n'}
[18.717582] (quadruped_controller) StderrLine: {'line': b'      |                     \x1b[01;35m\x1b[K~~~~~~~~~~~~~~~^~~\x1b[m\x1b[K\n'}
[18.717734] (quadruped_controller) StderrLine: {'line': b'\x1b[01m\x1b[K/home/ubuntu/pi-dog_ws/src/quadruped_controller/src/motion_cmd/smfsm/spot_micro_state.h:51:41:\x1b[m\x1b[K \x1b[01;35m\x1b[Kwarning: \x1b[m\x1b[Kunused parameter \xe2\x80\x98\x1b[01m\x1b[Ksmmc\x1b[m\x1b[K\xe2\x80\x99 [\x1b[01;35m\x1b[K\x1b]8;;https://gcc.gnu.org/onlinedocs/gcc/Warning-Options.html#index-Wunused-parameter\x07-Wunused-parameter\x1b]8;;\x07\x1b[m\x1b[K]\n'}
[18.717883] (quadruped_controller) StderrLine: {'line': b'   51 |                     \x1b[01;35m\x1b[KSpotMicroMotionCmd* smmc\x1b[m\x1b[K) {}\n'}
[18.718014] (quadruped_controller) StderrLine: {'line': b'      |                     \x1b[01;35m\x1b[K~~~~~~~~~~~~~~~~~~~~^~~~\x1b[m\x1b[K\n'}
[18.771595] (-) TimerEvent: {}
[18.872239] (-) TimerEvent: {}
[18.972935] (-) TimerEvent: {}
[19.076087] (-) TimerEvent: {}
[19.176589] (-) TimerEvent: {}
[19.279561] (-) TimerEvent: {}
[19.380054] (-) TimerEvent: {}
[19.483588] (-) TimerEvent: {}
[19.584069] (-) TimerEvent: {}
[19.684651] (-) TimerEvent: {}
[19.740634] (quadruped_controller) StderrLine: {'line': b'\x1b[01m\x1b[K/home/ubuntu/pi-dog_ws/src/quadruped_controller/src/motion_cmd/smfsm/spot_micro_idle.cpp:\x1b[m\x1b[K In member function \xe2\x80\x98\x1b[01m\x1b[Kvirtual void SpotMicroIdleState::\x1b[01;32m\x1b[KhandleInputCommands\x1b[m\x1b[K(const smk::BodyState&, const SpotMicroNodeConfig&, const Command&, SpotMicroMotionCmd*, smk::BodyState*)\x1b[m\x1b[K\xe2\x80\x99:\n'}
[19.741013] (quadruped_controller) StderrLine: {'line': b'\x1b[01m\x1b[K/home/ubuntu/pi-dog_ws/src/quadruped_controller/src/motion_cmd/smfsm/spot_micro_idle.cpp:14:68:\x1b[m\x1b[K \x1b[01;35m\x1b[Kwarning: \x1b[m\x1b[Kunused parameter \xe2\x80\x98\x1b[01m\x1b[Kbody_state\x1b[m\x1b[K\xe2\x80\x99 [\x1b[01;35m\x1b[K\x1b]8;;https://gcc.gnu.org/onlinedocs/gcc/Warning-Options.html#index-Wunused-parameter\x07-Wunused-parameter\x1b]8;;\x07\x1b[m\x1b[K]\n'}
[19.741200] (quadruped_controller) StderrLine: {'line': b'   14 | void SpotMicroIdleState::handleInputCommands(\x1b[01;35m\x1b[Kconst smk::BodyState& body_state\x1b[m\x1b[K,\n'}
[19.741374] (quadruped_controller) StderrLine: {'line': b'      |                                              \x1b[01;35m\x1b[K~~~~~~~~~~~~~~~~~~~~~~^~~~~~~~~~\x1b[m\x1b[K\n'}
[19.741642] (quadruped_controller) StderrLine: {'line': b'\x1b[01m\x1b[K/home/ubuntu/pi-dog_ws/src/quadruped_controller/src/motion_cmd/smfsm/spot_micro_idle.cpp:18:62:\x1b[m\x1b[K \x1b[01;35m\x1b[Kwarning: \x1b[m\x1b[Kunused parameter \xe2\x80\x98\x1b[01m\x1b[Kbody_state_cmd_\x1b[m\x1b[K\xe2\x80\x99 [\x1b[01;35m\x1b[K\x1b]8;;https://gcc.gnu.org/onlinedocs/gcc/Warning-Options.html#index-Wunused-parameter\x07-Wunused-parameter\x1b]8;;\x07\x1b[m\x1b[K]\n'}
[19.741856] (quadruped_controller) StderrLine: {'line': b'   18 |                                              \x1b[01;35m\x1b[Ksmk::BodyState* body_state_cmd_\x1b[m\x1b[K) {\n'}
[19.741993] (quadruped_controller) StderrLine: {'line': b'      |                                              \x1b[01;35m\x1b[K~~~~~~~~~~~~~~~~^~~~~~~~~~~~~~~\x1b[m\x1b[K\n'}
[19.787572] (-) TimerEvent: {}
[19.888120] (-) TimerEvent: {}
[19.988644] (-) TimerEvent: {}
[20.091872] (-) TimerEvent: {}
[20.192348] (-) TimerEvent: {}
[20.296561] (-) TimerEvent: {}
[20.397023] (-) TimerEvent: {}
[20.498033] (-) TimerEvent: {}
[20.599581] (-) TimerEvent: {}
[20.700821] (-) TimerEvent: {}
[20.804375] (-) TimerEvent: {}
[20.905208] (-) TimerEvent: {}
[21.005814] (-) TimerEvent: {}
[21.109062] (-) TimerEvent: {}
[21.209535] (-) TimerEvent: {}
[21.309925] (quadruped_controller) StdoutLine: {'line': b'[ 75%] \x1b[32mBuilding CXX object CMakeFiles/ik_test_node.dir/src/motion_cmd/smfsm/spot_micro_transition_idle.cpp.o\x1b[0m\n'}
[21.311909] (-) TimerEvent: {}
[21.413985] (-) TimerEvent: {}
[21.516559] (-) TimerEvent: {}
[21.617020] (-) TimerEvent: {}
[21.717586] (-) TimerEvent: {}
[21.778558] (quadruped_controller) StdoutLine: {'line': b'[ 83%] \x1b[32mBuilding CXX object CMakeFiles/ik_test_node.dir/src/motion_cmd/smfsm/spot_micro_transition_stand.cpp.o\x1b[0m\n'}
[21.817775] (-) TimerEvent: {}
[21.918848] (-) TimerEvent: {}
[22.021931] (-) TimerEvent: {}
[22.122678] (-) TimerEvent: {}
[22.224722] (-) TimerEvent: {}
[22.328046] (-) TimerEvent: {}
[22.428502] (-) TimerEvent: {}
[22.530555] (-) TimerEvent: {}
[22.631011] (-) TimerEvent: {}
[22.731744] (-) TimerEvent: {}
[22.832919] (-) TimerEvent: {}
[22.934833] (-) TimerEvent: {}
[23.038737] (-) TimerEvent: {}
[23.139373] (-) TimerEvent: {}
[23.240189] (-) TimerEvent: {}
[23.343836] (-) TimerEvent: {}
[23.444333] (-) TimerEvent: {}
[23.544984] (-) TimerEvent: {}
[23.647580] (-) TimerEvent: {}
[23.748129] (-) TimerEvent: {}
[23.848774] (-) TimerEvent: {}
[23.949384] (-) TimerEvent: {}
[24.051022] (-) TimerEvent: {}
[24.153985] (-) TimerEvent: {}
[24.254638] (-) TimerEvent: {}
[24.355127] (-) TimerEvent: {}
[24.457554] (-) TimerEvent: {}
[24.558032] (-) TimerEvent: {}
[24.651388] (quadruped_controller) StderrLine: {'line': b'\x1b[01m\x1b[K/home/ubuntu/pi-dog_ws/src/quadruped_controller/src/motion_cmd/smfsm/spot_micro_stand.cpp:\x1b[m\x1b[K In member function \xe2\x80\x98\x1b[01m\x1b[Kvirtual void SpotMicroStandState::\x1b[01;32m\x1b[KhandleInputCommands\x1b[m\x1b[K(const smk::BodyState&, const SpotMicroNodeConfig&, const Command&, SpotMicroMotionCmd*, smk::BodyState*)\x1b[m\x1b[K\xe2\x80\x99:\n'}
[24.652716] (quadruped_controller) StderrLine: {'line': b'\x1b[01m\x1b[K/home/ubuntu/pi-dog_ws/src/quadruped_controller/src/motion_cmd/smfsm/spot_micro_stand.cpp:17:69:\x1b[m\x1b[K \x1b[01;35m\x1b[Kwarning: \x1b[m\x1b[Kunused parameter \xe2\x80\x98\x1b[01m\x1b[Kbody_state\x1b[m\x1b[K\xe2\x80\x99 [\x1b[01;35m\x1b[K\x1b]8;;https://gcc.gnu.org/onlinedocs/gcc/Warning-Options.html#index-Wunused-parameter\x07-Wunused-parameter\x1b]8;;\x07\x1b[m\x1b[K]\n'}
[24.653026] (quadruped_controller) StderrLine: {'line': b'   17 | void SpotMicroStandState::handleInputCommands(\x1b[01;35m\x1b[Kconst smk::BodyState& body_state\x1b[m\x1b[K,\n'}
[24.653181] (quadruped_controller) StderrLine: {'line': b'      |                                               \x1b[01;35m\x1b[K~~~~~~~~~~~~~~~~~~~~~~^~~~~~~~~~\x1b[m\x1b[K\n'}
[24.653318] (quadruped_controller) StderrLine: {'line': b'\x1b[01m\x1b[K/home/ubuntu/pi-dog_ws/src/quadruped_controller/src/motion_cmd/smfsm/spot_micro_stand.cpp:\x1b[m\x1b[K In member function \xe2\x80\x98\x1b[01m\x1b[Kvirtual void SpotMicroStandState::\x1b[01;32m\x1b[Kinit\x1b[m\x1b[K(const smk::BodyState&, const SpotMicroNodeConfig&, const Command&, SpotMicroMotionCmd*)\x1b[m\x1b[K\xe2\x80\x99:\n'}
[24.653443] (quadruped_controller) StderrLine: {'line': b'\x1b[01m\x1b[K/home/ubuntu/pi-dog_ws/src/quadruped_controller/src/motion_cmd/smfsm/spot_micro_stand.cpp:67:54:\x1b[m\x1b[K \x1b[01;35m\x1b[Kwarning: \x1b[m\x1b[Kunused parameter \xe2\x80\x98\x1b[01m\x1b[Kbody_state\x1b[m\x1b[K\xe2\x80\x99 [\x1b[01;35m\x1b[K\x1b]8;;https://gcc.gnu.org/onlinedocs/gcc/Warning-Options.html#index-Wunused-parameter\x07-Wunused-parameter\x1b]8;;\x07\x1b[m\x1b[K]\n'}
[24.653673] (quadruped_controller) StderrLine: {'line': b'   67 | void SpotMicroStandState::init(\x1b[01;35m\x1b[Kconst smk::BodyState& body_state\x1b[m\x1b[K,\n'}
[24.653822] (quadruped_controller) StderrLine: {'line': b'      |                                \x1b[01;35m\x1b[K~~~~~~~~~~~~~~~~~~~~~~^~~~~~~~~~\x1b[m\x1b[K\n'}
[24.653951] (quadruped_controller) StderrLine: {'line': b'\x1b[01m\x1b[K/home/ubuntu/pi-dog_ws/src/quadruped_controller/src/motion_cmd/smfsm/spot_micro_stand.cpp:69:47:\x1b[m\x1b[K \x1b[01;35m\x1b[Kwarning: \x1b[m\x1b[Kunused parameter \xe2\x80\x98\x1b[01m\x1b[Kcmd\x1b[m\x1b[K\xe2\x80\x99 [\x1b[01;35m\x1b[K\x1b]8;;https://gcc.gnu.org/onlinedocs/gcc/Warning-Options.html#index-Wunused-parameter\x07-Wunused-parameter\x1b]8;;\x07\x1b[m\x1b[K]\n'}
[24.654119] (quadruped_controller) StderrLine: {'line': b'   69 |                                \x1b[01;35m\x1b[Kconst Command& cmd\x1b[m\x1b[K,\n'}
[24.654257] (quadruped_controller) StderrLine: {'line': b'      |                                \x1b[01;35m\x1b[K~~~~~~~~~~~~~~~^~~\x1b[m\x1b[K\n'}
[24.662562] (-) TimerEvent: {}
[24.763021] (-) TimerEvent: {}
[24.864550] (-) TimerEvent: {}
[24.964994] (-) TimerEvent: {}
[25.065831] (-) TimerEvent: {}
[25.167976] (-) TimerEvent: {}
[25.268566] (-) TimerEvent: {}
[25.369940] (-) TimerEvent: {}
[25.473184] (-) TimerEvent: {}
[25.575806] (-) TimerEvent: {}
[25.676473] (-) TimerEvent: {}
[25.777958] (-) TimerEvent: {}
[25.809241] (quadruped_controller) StderrLine: {'line': b'In file included from \x1b[01m\x1b[K/home/ubuntu/pi-dog_ws/src/quadruped_controller/src/motion_cmd/smfsm/spot_micro_transition_idle.h:3\x1b[m\x1b[K,\n'}
[25.809670] (quadruped_controller) StderrLine: {'line': b'                 from \x1b[01m\x1b[K/home/ubuntu/pi-dog_ws/src/quadruped_controller/src/motion_cmd/smfsm/spot_micro_transition_idle.cpp:1\x1b[m\x1b[K:\n'}
[25.809850] (quadruped_controller) StderrLine: {'line': b'\x1b[01m\x1b[K/home/ubuntu/pi-dog_ws/src/quadruped_controller/src/motion_cmd/smfsm/spot_micro_state.h:\x1b[m\x1b[K In member function \xe2\x80\x98\x1b[01m\x1b[Kvirtual void SpotMicroState::\x1b[01;32m\x1b[KhandleInputCommands\x1b[m\x1b[K(const smk::BodyState&, const SpotMicroNodeConfig&, const Command&, SpotMicroMotionCmd*, smk::BodyState*)\x1b[m\x1b[K\xe2\x80\x99:\n'}
[25.810013] (quadruped_controller) StderrLine: {'line': b'\x1b[01m\x1b[K/home/ubuntu/pi-dog_ws/src/quadruped_controller/src/motion_cmd/smfsm/spot_micro_state.h:42:58:\x1b[m\x1b[K \x1b[01;35m\x1b[Kwarning: \x1b[m\x1b[Kunused parameter \xe2\x80\x98\x1b[01m\x1b[Kbody_state\x1b[m\x1b[K\xe2\x80\x99 [\x1b[01;35m\x1b[K\x1b]8;;https://gcc.gnu.org/onlinedocs/gcc/Warning-Options.html#index-Wunused-parameter\x07-Wunused-parameter\x1b]8;;\x07\x1b[m\x1b[K]\n'}
[25.810158] (quadruped_controller) StderrLine: {'line': b'   42 |   virtual void handleInputCommands(\x1b[01;35m\x1b[Kconst smk::BodyState& body_state\x1b[m\x1b[K,\n'}
[25.810286] (quadruped_controller) StderrLine: {'line': b'      |                                    \x1b[01;35m\x1b[K~~~~~~~~~~~~~~~~~~~~~~^~~~~~~~~~\x1b[m\x1b[K\n'}
[25.810407] (quadruped_controller) StderrLine: {'line': b'\x1b[01m\x1b[K/home/ubuntu/pi-dog_ws/src/quadruped_controller/src/motion_cmd/smfsm/spot_micro_state.h:43:63:\x1b[m\x1b[K \x1b[01;35m\x1b[Kwarning: \x1b[m\x1b[Kunused parameter \xe2\x80\x98\x1b[01m\x1b[Ksmnc\x1b[m\x1b[K\xe2\x80\x99 [\x1b[01;35m\x1b[K\x1b]8;;https://gcc.gnu.org/onlinedocs/gcc/Warning-Options.html#index-Wunused-parameter\x07-Wunused-parameter\x1b]8;;\x07\x1b[m\x1b[K]\n'}
[25.810588] (quadruped_controller) StderrLine: {'line': b'   43 |                                    \x1b[01;35m\x1b[Kconst SpotMicroNodeConfig& smnc\x1b[m\x1b[K,\n'}
[25.810726] (quadruped_controller) StderrLine: {'line': b'      |                                    \x1b[01;35m\x1b[K~~~~~~~~~~~~~~~~~~~~~~~~~~~^~~~\x1b[m\x1b[K\n'}
[25.810852] (quadruped_controller) StderrLine: {'line': b'\x1b[01m\x1b[K/home/ubuntu/pi-dog_ws/src/quadruped_controller/src/motion_cmd/smfsm/spot_micro_state.h:44:51:\x1b[m\x1b[K \x1b[01;35m\x1b[Kwarning: \x1b[m\x1b[Kunused parameter \xe2\x80\x98\x1b[01m\x1b[Kcmd\x1b[m\x1b[K\xe2\x80\x99 [\x1b[01;35m\x1b[K\x1b]8;;https://gcc.gnu.org/onlinedocs/gcc/Warning-Options.html#index-Wunused-parameter\x07-Wunused-parameter\x1b]8;;\x07\x1b[m\x1b[K]\n'}
[25.810990] (quadruped_controller) StderrLine: {'line': b'   44 |                                    \x1b[01;35m\x1b[Kconst Command& cmd\x1b[m\x1b[K,\n'}
[25.811107] (quadruped_controller) StderrLine: {'line': b'      |                                    \x1b[01;35m\x1b[K~~~~~~~~~~~~~~~^~~\x1b[m\x1b[K\n'}
[25.811268] (quadruped_controller) StderrLine: {'line': b'\x1b[01m\x1b[K/home/ubuntu/pi-dog_ws/src/quadruped_controller/src/motion_cmd/smfsm/spot_micro_state.h:45:56:\x1b[m\x1b[K \x1b[01;35m\x1b[Kwarning: \x1b[m\x1b[Kunused parameter \xe2\x80\x98\x1b[01m\x1b[Ksmmc\x1b[m\x1b[K\xe2\x80\x99 [\x1b[01;35m\x1b[K\x1b]8;;https://gcc.gnu.org/onlinedocs/gcc/Warning-Options.html#index-Wunused-parameter\x07-Wunused-parameter\x1b]8;;\x07\x1b[m\x1b[K]\n'}
[25.811409] (quadruped_controller) StderrLine: {'line': b'   45 |                                    \x1b[01;35m\x1b[KSpotMicroMotionCmd* smmc\x1b[m\x1b[K,\n'}
[25.815527] (quadruped_controller) StderrLine: {'line': b'      |                                    \x1b[01;35m\x1b[K~~~~~~~~~~~~~~~~~~~~^~~~\x1b[m\x1b[K\n'}
[25.815755] (quadruped_controller) StderrLine: {'line': b'\x1b[01m\x1b[K/home/ubuntu/pi-dog_ws/src/quadruped_controller/src/motion_cmd/smfsm/spot_micro_state.h:46:52:\x1b[m\x1b[K \x1b[01;35m\x1b[Kwarning: \x1b[m\x1b[Kunused parameter \xe2\x80\x98\x1b[01m\x1b[Kbody_state_cmd\x1b[m\x1b[K\xe2\x80\x99 [\x1b[01;35m\x1b[K\x1b]8;;https://gcc.gnu.org/onlinedocs/gcc/Warning-Options.html#index-Wunused-parameter\x07-Wunused-parameter\x1b]8;;\x07\x1b[m\x1b[K]\n'}
[25.815908] (quadruped_controller) StderrLine: {'line': b'   46 |                                    \x1b[01;35m\x1b[Ksmk::BodyState* body_state_cmd\x1b[m\x1b[K) {}\n'}
[25.816032] (quadruped_controller) StderrLine: {'line': b'      |                                    \x1b[01;35m\x1b[K~~~~~~~~~~~~~~~~^~~~~~~~~~~~~~\x1b[m\x1b[K\n'}
[25.816145] (quadruped_controller) StderrLine: {'line': b'\x1b[01m\x1b[K/home/ubuntu/pi-dog_ws/src/quadruped_controller/src/motion_cmd/smfsm/spot_micro_state.h:\x1b[m\x1b[K In member function \xe2\x80\x98\x1b[01m\x1b[Kvirtual void SpotMicroState::\x1b[01;32m\x1b[Kinit\x1b[m\x1b[K(const smk::BodyState&, const SpotMicroNodeConfig&, const Command&, SpotMicroMotionCmd*)\x1b[m\x1b[K\xe2\x80\x99:\n'}
[25.816299] (quadruped_controller) StderrLine: {'line': b'\x1b[01m\x1b[K/home/ubuntu/pi-dog_ws/src/quadruped_controller/src/motion_cmd/smfsm/spot_micro_state.h:48:43:\x1b[m\x1b[K \x1b[01;35m\x1b[Kwarning: \x1b[m\x1b[Kunused parameter \xe2\x80\x98\x1b[01m\x1b[Kbody_state\x1b[m\x1b[K\xe2\x80\x99 [\x1b[01;35m\x1b[K\x1b]8;;https://gcc.gnu.org/onlinedocs/gcc/Warning-Options.html#index-Wunused-parameter\x07-Wunused-parameter\x1b]8;;\x07\x1b[m\x1b[K]\n'}
[25.816419] (quadruped_controller) StderrLine: {'line': b'   48 |   virtual void init(\x1b[01;35m\x1b[Kconst smk::BodyState& body_state\x1b[m\x1b[K,\n'}
[25.816574] (quadruped_controller) StderrLine: {'line': b'      |                     \x1b[01;35m\x1b[K~~~~~~~~~~~~~~~~~~~~~~^~~~~~~~~~\x1b[m\x1b[K\n'}
[25.816725] (quadruped_controller) StderrLine: {'line': b'\x1b[01m\x1b[K/home/ubuntu/pi-dog_ws/src/quadruped_controller/src/motion_cmd/smfsm/spot_micro_state.h:49:48:\x1b[m\x1b[K \x1b[01;35m\x1b[Kwarning: \x1b[m\x1b[Kunused parameter \xe2\x80\x98\x1b[01m\x1b[Ksmnc\x1b[m\x1b[K\xe2\x80\x99 [\x1b[01;35m\x1b[K\x1b]8;;https://gcc.gnu.org/onlinedocs/gcc/Warning-Options.html#index-Wunused-parameter\x07-Wunused-parameter\x1b]8;;\x07\x1b[m\x1b[K]\n'}
[25.816899] (quadruped_controller) StderrLine: {'line': b'   49 |                     \x1b[01;35m\x1b[Kconst SpotMicroNodeConfig& smnc\x1b[m\x1b[K,\n'}
[25.817030] (quadruped_controller) StderrLine: {'line': b'      |                     \x1b[01;35m\x1b[K~~~~~~~~~~~~~~~~~~~~~~~~~~~^~~~\x1b[m\x1b[K\n'}
[25.817158] (quadruped_controller) StderrLine: {'line': b'\x1b[01m\x1b[K/home/ubuntu/pi-dog_ws/src/quadruped_controller/src/motion_cmd/smfsm/spot_micro_state.h:50:36:\x1b[m\x1b[K \x1b[01;35m\x1b[Kwarning: \x1b[m\x1b[Kunused parameter \xe2\x80\x98\x1b[01m\x1b[Kcmd\x1b[m\x1b[K\xe2\x80\x99 [\x1b[01;35m\x1b[K\x1b]8;;https://gcc.gnu.org/onlinedocs/gcc/Warning-Options.html#index-Wunused-parameter\x07-Wunused-parameter\x1b]8;;\x07\x1b[m\x1b[K]\n'}
[25.817278] (quadruped_controller) StderrLine: {'line': b'   50 |                     \x1b[01;35m\x1b[Kconst Command& cmd\x1b[m\x1b[K,\n'}
[25.817416] (quadruped_controller) StderrLine: {'line': b'      |                     \x1b[01;35m\x1b[K~~~~~~~~~~~~~~~^~~\x1b[m\x1b[K\n'}
[25.820850] (quadruped_controller) StderrLine: {'line': b'\x1b[01m\x1b[K/home/ubuntu/pi-dog_ws/src/quadruped_controller/src/motion_cmd/smfsm/spot_micro_state.h:51:41:\x1b[m\x1b[K \x1b[01;35m\x1b[Kwarning: \x1b[m\x1b[Kunused parameter \xe2\x80\x98\x1b[01m\x1b[Ksmmc\x1b[m\x1b[K\xe2\x80\x99 [\x1b[01;35m\x1b[K\x1b]8;;https://gcc.gnu.org/onlinedocs/gcc/Warning-Options.html#index-Wunused-parameter\x07-Wunused-parameter\x1b]8;;\x07\x1b[m\x1b[K]\n'}
[25.821076] (quadruped_controller) StderrLine: {'line': b'   51 |                     \x1b[01;35m\x1b[KSpotMicroMotionCmd* smmc\x1b[m\x1b[K) {}\n'}
[25.821219] (quadruped_controller) StderrLine: {'line': b'      |                     \x1b[01;35m\x1b[K~~~~~~~~~~~~~~~~~~~~^~~~\x1b[m\x1b[K\n'}
[25.880559] (-) TimerEvent: {}
[25.981055] (-) TimerEvent: {}
[26.081645] (-) TimerEvent: {}
[26.182105] (-) TimerEvent: {}
[26.227013] (quadruped_controller) StderrLine: {'line': b'In file included from \x1b[01m\x1b[K/home/ubuntu/pi-dog_ws/src/quadruped_controller/src/motion_cmd/smfsm/spot_micro_transition_stand.h:5\x1b[m\x1b[K,\n'}
[26.233055] (quadruped_controller) StderrLine: {'line': b'                 from \x1b[01m\x1b[K/home/ubuntu/pi-dog_ws/src/quadruped_controller/src/motion_cmd/smfsm/spot_micro_transition_stand.cpp:1\x1b[m\x1b[K:\n'}
[26.233248] (quadruped_controller) StderrLine: {'line': b'\x1b[01m\x1b[K/home/ubuntu/pi-dog_ws/src/quadruped_controller/src/motion_cmd/smfsm/spot_micro_state.h:\x1b[m\x1b[K In member function \xe2\x80\x98\x1b[01m\x1b[Kvirtual void SpotMicroState::\x1b[01;32m\x1b[KhandleInputCommands\x1b[m\x1b[K(const smk::BodyState&, const SpotMicroNodeConfig&, const Command&, SpotMicroMotionCmd*, smk::BodyState*)\x1b[m\x1b[K\xe2\x80\x99:\n'}
[26.233404] (quadruped_controller) StderrLine: {'line': b'\x1b[01m\x1b[K/home/ubuntu/pi-dog_ws/src/quadruped_controller/src/motion_cmd/smfsm/spot_micro_state.h:42:58:\x1b[m\x1b[K \x1b[01;35m\x1b[Kwarning: \x1b[m\x1b[Kunused parameter \xe2\x80\x98\x1b[01m\x1b[Kbody_state\x1b[m\x1b[K\xe2\x80\x99 [\x1b[01;35m\x1b[K\x1b]8;;https://gcc.gnu.org/onlinedocs/gcc/Warning-Options.html#index-Wunused-parameter\x07-Wunused-parameter\x1b]8;;\x07\x1b[m\x1b[K]\n'}
[26.233589] (quadruped_controller) StderrLine: {'line': b'   42 |   virtual void handleInputCommands(\x1b[01;35m\x1b[Kconst smk::BodyState& body_state\x1b[m\x1b[K,\n'}
[26.233727] (quadruped_controller) StderrLine: {'line': b'      |                                    \x1b[01;35m\x1b[K~~~~~~~~~~~~~~~~~~~~~~^~~~~~~~~~\x1b[m\x1b[K\n'}
[26.233844] (quadruped_controller) StderrLine: {'line': b'\x1b[01m\x1b[K/home/ubuntu/pi-dog_ws/src/quadruped_controller/src/motion_cmd/smfsm/spot_micro_state.h:43:63:\x1b[m\x1b[K \x1b[01;35m\x1b[Kwarning: \x1b[m\x1b[Kunused parameter \xe2\x80\x98\x1b[01m\x1b[Ksmnc\x1b[m\x1b[K\xe2\x80\x99 [\x1b[01;35m\x1b[K\x1b]8;;https://gcc.gnu.org/onlinedocs/gcc/Warning-Options.html#index-Wunused-parameter\x07-Wunused-parameter\x1b]8;;\x07\x1b[m\x1b[K]\n'}
[26.233966] (quadruped_controller) StderrLine: {'line': b'   43 |                                    \x1b[01;35m\x1b[Kconst SpotMicroNodeConfig& smnc\x1b[m\x1b[K,\n'}
[26.234098] (quadruped_controller) StderrLine: {'line': b'      |                                    \x1b[01;35m\x1b[K~~~~~~~~~~~~~~~~~~~~~~~~~~~^~~~\x1b[m\x1b[K\n'}
[26.234228] (quadruped_controller) StderrLine: {'line': b'\x1b[01m\x1b[K/home/ubuntu/pi-dog_ws/src/quadruped_controller/src/motion_cmd/smfsm/spot_micro_state.h:44:51:\x1b[m\x1b[K \x1b[01;35m\x1b[Kwarning: \x1b[m\x1b[Kunused parameter \xe2\x80\x98\x1b[01m\x1b[Kcmd\x1b[m\x1b[K\xe2\x80\x99 [\x1b[01;35m\x1b[K\x1b]8;;https://gcc.gnu.org/onlinedocs/gcc/Warning-Options.html#index-Wunused-parameter\x07-Wunused-parameter\x1b]8;;\x07\x1b[m\x1b[K]\n'}
[26.234353] (quadruped_controller) StderrLine: {'line': b'   44 |                                    \x1b[01;35m\x1b[Kconst Command& cmd\x1b[m\x1b[K,\n'}
[26.234481] (quadruped_controller) StderrLine: {'line': b'      |                                    \x1b[01;35m\x1b[K~~~~~~~~~~~~~~~^~~\x1b[m\x1b[K\n'}
[26.234654] (quadruped_controller) StderrLine: {'line': b'\x1b[01m\x1b[K/home/ubuntu/pi-dog_ws/src/quadruped_controller/src/motion_cmd/smfsm/spot_micro_state.h:45:56:\x1b[m\x1b[K \x1b[01;35m\x1b[Kwarning: \x1b[m\x1b[Kunused parameter \xe2\x80\x98\x1b[01m\x1b[Ksmmc\x1b[m\x1b[K\xe2\x80\x99 [\x1b[01;35m\x1b[K\x1b]8;;https://gcc.gnu.org/onlinedocs/gcc/Warning-Options.html#index-Wunused-parameter\x07-Wunused-parameter\x1b]8;;\x07\x1b[m\x1b[K]\n'}
[26.234797] (quadruped_controller) StderrLine: {'line': b'   45 |                                    \x1b[01;35m\x1b[KSpotMicroMotionCmd* smmc\x1b[m\x1b[K,\n'}
[26.234908] (quadruped_controller) StderrLine: {'line': b'      |                                    \x1b[01;35m\x1b[K~~~~~~~~~~~~~~~~~~~~^~~~\x1b[m\x1b[K\n'}
[26.235026] (quadruped_controller) StderrLine: {'line': b'\x1b[01m\x1b[K/home/ubuntu/pi-dog_ws/src/quadruped_controller/src/motion_cmd/smfsm/spot_micro_state.h:46:52:\x1b[m\x1b[K \x1b[01;35m\x1b[Kwarning: \x1b[m\x1b[Kunused parameter \xe2\x80\x98\x1b[01m\x1b[Kbody_state_cmd\x1b[m\x1b[K\xe2\x80\x99 [\x1b[01;35m\x1b[K\x1b]8;;https://gcc.gnu.org/onlinedocs/gcc/Warning-Options.html#index-Wunused-parameter\x07-Wunused-parameter\x1b]8;;\x07\x1b[m\x1b[K]\n'}
[26.235181] (quadruped_controller) StderrLine: {'line': b'   46 |                                    \x1b[01;35m\x1b[Ksmk::BodyState* body_state_cmd\x1b[m\x1b[K) {}\n'}
[26.235325] (quadruped_controller) StderrLine: {'line': b'      |                                    \x1b[01;35m\x1b[K~~~~~~~~~~~~~~~~^~~~~~~~~~~~~~\x1b[m\x1b[K\n'}
[26.235434] (quadruped_controller) StderrLine: {'line': b'\x1b[01m\x1b[K/home/ubuntu/pi-dog_ws/src/quadruped_controller/src/motion_cmd/smfsm/spot_micro_state.h:\x1b[m\x1b[K In member function \xe2\x80\x98\x1b[01m\x1b[Kvirtual void SpotMicroState::\x1b[01;32m\x1b[Kinit\x1b[m\x1b[K(const smk::BodyState&, const SpotMicroNodeConfig&, const Command&, SpotMicroMotionCmd*)\x1b[m\x1b[K\xe2\x80\x99:\n'}
[26.240854] (quadruped_controller) StderrLine: {'line': b'\x1b[01m\x1b[K/home/ubuntu/pi-dog_ws/src/quadruped_controller/src/motion_cmd/smfsm/spot_micro_state.h:48:43:\x1b[m\x1b[K \x1b[01;35m\x1b[Kwarning: \x1b[m\x1b[Kunused parameter \xe2\x80\x98\x1b[01m\x1b[Kbody_state\x1b[m\x1b[K\xe2\x80\x99 [\x1b[01;35m\x1b[K\x1b]8;;https://gcc.gnu.org/onlinedocs/gcc/Warning-Options.html#index-Wunused-parameter\x07-Wunused-parameter\x1b]8;;\x07\x1b[m\x1b[K]\n'}
[26.241050] (quadruped_controller) StderrLine: {'line': b'   48 |   virtual void init(\x1b[01;35m\x1b[Kconst smk::BodyState& body_state\x1b[m\x1b[K,\n'}
[26.241185] (quadruped_controller) StderrLine: {'line': b'      |                     \x1b[01;35m\x1b[K~~~~~~~~~~~~~~~~~~~~~~^~~~~~~~~~\x1b[m\x1b[K\n'}
[26.241334] (quadruped_controller) StderrLine: {'line': b'\x1b[01m\x1b[K/home/ubuntu/pi-dog_ws/src/quadruped_controller/src/motion_cmd/smfsm/spot_micro_state.h:49:48:\x1b[m\x1b[K \x1b[01;35m\x1b[Kwarning: \x1b[m\x1b[Kunused parameter \xe2\x80\x98\x1b[01m\x1b[Ksmnc\x1b[m\x1b[K\xe2\x80\x99 [\x1b[01;35m\x1b[K\x1b]8;;https://gcc.gnu.org/onlinedocs/gcc/Warning-Options.html#index-Wunused-parameter\x07-Wunused-parameter\x1b]8;;\x07\x1b[m\x1b[K]\n'}
[26.241548] (quadruped_controller) StderrLine: {'line': b'   49 |                     \x1b[01;35m\x1b[Kconst SpotMicroNodeConfig& smnc\x1b[m\x1b[K,\n'}
[26.241734] (quadruped_controller) StderrLine: {'line': b'      |                     \x1b[01;35m\x1b[K~~~~~~~~~~~~~~~~~~~~~~~~~~~^~~~\x1b[m\x1b[K\n'}
[26.241905] (quadruped_controller) StderrLine: {'line': b'\x1b[01m\x1b[K/home/ubuntu/pi-dog_ws/src/quadruped_controller/src/motion_cmd/smfsm/spot_micro_state.h:50:36:\x1b[m\x1b[K \x1b[01;35m\x1b[Kwarning: \x1b[m\x1b[Kunused parameter \xe2\x80\x98\x1b[01m\x1b[Kcmd\x1b[m\x1b[K\xe2\x80\x99 [\x1b[01;35m\x1b[K\x1b]8;;https://gcc.gnu.org/onlinedocs/gcc/Warning-Options.html#index-Wunused-parameter\x07-Wunused-parameter\x1b]8;;\x07\x1b[m\x1b[K]\n'}
[26.242072] (quadruped_controller) StderrLine: {'line': b'   50 |                     \x1b[01;35m\x1b[Kconst Command& cmd\x1b[m\x1b[K,\n'}
[26.242249] (quadruped_controller) StderrLine: {'line': b'      |                     \x1b[01;35m\x1b[K~~~~~~~~~~~~~~~^~~\x1b[m\x1b[K\n'}
[26.242389] (quadruped_controller) StderrLine: {'line': b'\x1b[01m\x1b[K/home/ubuntu/pi-dog_ws/src/quadruped_controller/src/motion_cmd/smfsm/spot_micro_state.h:51:41:\x1b[m\x1b[K \x1b[01;35m\x1b[Kwarning: \x1b[m\x1b[Kunused parameter \xe2\x80\x98\x1b[01m\x1b[Ksmmc\x1b[m\x1b[K\xe2\x80\x99 [\x1b[01;35m\x1b[K\x1b]8;;https://gcc.gnu.org/onlinedocs/gcc/Warning-Options.html#index-Wunused-parameter\x07-Wunused-parameter\x1b]8;;\x07\x1b[m\x1b[K]\n'}
[26.242604] (quadruped_controller) StderrLine: {'line': b'   51 |                     \x1b[01;35m\x1b[KSpotMicroMotionCmd* smmc\x1b[m\x1b[K) {}\n'}
[26.242776] (quadruped_controller) StderrLine: {'line': b'      |                     \x1b[01;35m\x1b[K~~~~~~~~~~~~~~~~~~~~^~~~\x1b[m\x1b[K\n'}
[26.284559] (-) TimerEvent: {}
[26.385150] (-) TimerEvent: {}
[26.488834] (-) TimerEvent: {}
[26.589377] (-) TimerEvent: {}
[26.689973] (-) TimerEvent: {}
[26.790448] (-) TimerEvent: {}
[26.892971] (-) TimerEvent: {}
[26.994502] (-) TimerEvent: {}
[27.096846] (-) TimerEvent: {}
[27.199299] (-) TimerEvent: {}
[27.303845] (-) TimerEvent: {}
[27.404489] (-) TimerEvent: {}
[27.453289] (quadruped_controller) StdoutLine: {'line': b'[ 91%] \x1b[32mBuilding CXX object CMakeFiles/ik_test_node.dir/src/motion_cmd/smfsm/spot_micro_walk.cpp.o\x1b[0m\n'}
[27.506582] (-) TimerEvent: {}
[27.609541] (-) TimerEvent: {}
[27.709980] (-) TimerEvent: {}
[27.811171] (-) TimerEvent: {}
[27.912778] (-) TimerEvent: {}
[28.016570] (-) TimerEvent: {}
[28.117392] (-) TimerEvent: {}
[28.218224] (-) TimerEvent: {}
[28.321932] (-) TimerEvent: {}
[28.422583] (-) TimerEvent: {}
[28.523219] (-) TimerEvent: {}
[28.625880] (-) TimerEvent: {}
[28.726501] (-) TimerEvent: {}
[28.829582] (-) TimerEvent: {}
[28.930170] (-) TimerEvent: {}
[29.031092] (-) TimerEvent: {}
[29.133825] (-) TimerEvent: {}
[29.235585] (-) TimerEvent: {}
[29.336866] (-) TimerEvent: {}
[29.440812] (-) TimerEvent: {}
[29.542039] (-) TimerEvent: {}
[29.642550] (-) TimerEvent: {}
[29.746583] (-) TimerEvent: {}
[29.847714] (-) TimerEvent: {}
[29.948228] (-) TimerEvent: {}
[30.050717] (-) TimerEvent: {}
[30.152078] (-) TimerEvent: {}
[30.254657] (-) TimerEvent: {}
[30.355133] (-) TimerEvent: {}
[30.455816] (-) TimerEvent: {}
[30.558834] (-) TimerEvent: {}
[30.661804] (-) TimerEvent: {}
[30.764588] (-) TimerEvent: {}
[30.865176] (-) TimerEvent: {}
[30.965673] (-) TimerEvent: {}
[31.066275] (-) TimerEvent: {}
[31.169826] (-) TimerEvent: {}
[31.270486] (-) TimerEvent: {}
[31.371280] (-) TimerEvent: {}
[31.473565] (-) TimerEvent: {}
[31.489376] (quadruped_controller) StderrLine: {'line': b'\x1b[01m\x1b[K/home/ubuntu/pi-dog_ws/src/quadruped_controller/src/motion_cmd/smfsm/spot_micro_transition_idle.cpp:\x1b[m\x1b[K In member function \xe2\x80\x98\x1b[01m\x1b[Kvirtual void SpotMicroTransitionIdleState::\x1b[01;32m\x1b[Kinit\x1b[m\x1b[K(const smk::BodyState&, const SpotMicroNodeConfig&, const Command&, SpotMicroMotionCmd*)\x1b[m\x1b[K\xe2\x80\x99:\n'}
[31.489746] (quadruped_controller) StderrLine: {'line': b'\x1b[01m\x1b[K/home/ubuntu/pi-dog_ws/src/quadruped_controller/src/motion_cmd/smfsm/spot_micro_transition_idle.cpp:19:57:\x1b[m\x1b[K \x1b[01;35m\x1b[Kwarning: \x1b[m\x1b[Kunused parameter \xe2\x80\x98\x1b[01m\x1b[Kcmd\x1b[m\x1b[K\xe2\x80\x99 [\x1b[01;35m\x1b[K\x1b]8;;https://gcc.gnu.org/onlinedocs/gcc/Warning-Options.html#index-Wunused-parameter\x07-Wunused-parameter\x1b]8;;\x07\x1b[m\x1b[K]\n'}
[31.489895] (quadruped_controller) StderrLine: {'line': b'   19 |                                          \x1b[01;35m\x1b[Kconst Command& cmd\x1b[m\x1b[K,\n'}
[31.490025] (quadruped_controller) StderrLine: {'line': b'      |                                          \x1b[01;35m\x1b[K~~~~~~~~~~~~~~~^~~\x1b[m\x1b[K\n'}
[31.504571] (quadruped_controller) StderrLine: {'line': b'\x1b[01m\x1b[K/home/ubuntu/pi-dog_ws/src/quadruped_controller/src/motion_cmd/smfsm/spot_micro_transition_idle.cpp:\x1b[m\x1b[K In member function \xe2\x80\x98\x1b[01m\x1b[Kvirtual void SpotMicroTransitionIdleState::\x1b[01;32m\x1b[KhandleInputCommands\x1b[m\x1b[K(const smk::BodyState&, const SpotMicroNodeConfig&, const Command&, SpotMicroMotionCmd*, smk::BodyState*)\x1b[m\x1b[K\xe2\x80\x99:\n'}
[31.505153] (quadruped_controller) StderrLine: {'line': b'\x1b[01m\x1b[K/home/ubuntu/pi-dog_ws/src/quadruped_controller/src/motion_cmd/smfsm/spot_micro_transition_idle.cpp:55:51:\x1b[m\x1b[K \x1b[01;35m\x1b[Kwarning: \x1b[m\x1b[Kunused parameter \xe2\x80\x98\x1b[01m\x1b[Kcmd\x1b[m\x1b[K\xe2\x80\x99 [\x1b[01;35m\x1b[K\x1b]8;;https://gcc.gnu.org/onlinedocs/gcc/Warning-Options.html#index-Wunused-parameter\x07-Wunused-parameter\x1b]8;;\x07\x1b[m\x1b[K]\n'}
[31.505880] (quadruped_controller) StderrLine: {'line': b'   55 |                                    \x1b[01;35m\x1b[Kconst Command& cmd\x1b[m\x1b[K,\n'}
[31.506251] (quadruped_controller) StderrLine: {'line': b'      |                                    \x1b[01;35m\x1b[K~~~~~~~~~~~~~~~^~~\x1b[m\x1b[K\n'}
[31.575148] (-) TimerEvent: {}
[31.676185] (-) TimerEvent: {}
[31.776695] (-) TimerEvent: {}
[31.879826] (-) TimerEvent: {}
[31.980435] (-) TimerEvent: {}
[32.084556] (-) TimerEvent: {}
[32.185051] (-) TimerEvent: {}
[32.204078] (quadruped_controller) StderrLine: {'line': b'\x1b[01m\x1b[K/home/ubuntu/pi-dog_ws/src/quadruped_controller/src/motion_cmd/smfsm/spot_micro_transition_stand.cpp:\x1b[m\x1b[K In member function \xe2\x80\x98\x1b[01m\x1b[Kvirtual void SpotMicroTransitionStandState::\x1b[01;32m\x1b[Kinit\x1b[m\x1b[K(const smk::BodyState&, const SpotMicroNodeConfig&, const Command&, SpotMicroMotionCmd*)\x1b[m\x1b[K\xe2\x80\x99:\n'}
[32.204685] (quadruped_controller) StderrLine: {'line': b'\x1b[01m\x1b[K/home/ubuntu/pi-dog_ws/src/quadruped_controller/src/motion_cmd/smfsm/spot_micro_transition_stand.cpp:19:57:\x1b[m\x1b[K \x1b[01;35m\x1b[Kwarning: \x1b[m\x1b[Kunused parameter \xe2\x80\x98\x1b[01m\x1b[Kcmd\x1b[m\x1b[K\xe2\x80\x99 [\x1b[01;35m\x1b[K\x1b]8;;https://gcc.gnu.org/onlinedocs/gcc/Warning-Options.html#index-Wunused-parameter\x07-Wunused-parameter\x1b]8;;\x07\x1b[m\x1b[K]\n'}
[32.205002] (quadruped_controller) StderrLine: {'line': b'   19 |                                          \x1b[01;35m\x1b[Kconst Command& cmd\x1b[m\x1b[K,\n'}
[32.205252] (quadruped_controller) StderrLine: {'line': b'      |                                          \x1b[01;35m\x1b[K~~~~~~~~~~~~~~~^~~\x1b[m\x1b[K\n'}
[32.219824] (quadruped_controller) StderrLine: {'line': b'\x1b[01m\x1b[K/home/ubuntu/pi-dog_ws/src/quadruped_controller/src/motion_cmd/smfsm/spot_micro_transition_stand.cpp:\x1b[m\x1b[K In member function \xe2\x80\x98\x1b[01m\x1b[Kvirtual void SpotMicroTransitionStandState::\x1b[01;32m\x1b[KhandleInputCommands\x1b[m\x1b[K(const smk::BodyState&, const SpotMicroNodeConfig&, const Command&, SpotMicroMotionCmd*, smk::BodyState*)\x1b[m\x1b[K\xe2\x80\x99:\n'}
[32.220206] (quadruped_controller) StderrLine: {'line': b'\x1b[01m\x1b[K/home/ubuntu/pi-dog_ws/src/quadruped_controller/src/motion_cmd/smfsm/spot_micro_transition_stand.cpp:55:51:\x1b[m\x1b[K \x1b[01;35m\x1b[Kwarning: \x1b[m\x1b[Kunused parameter \xe2\x80\x98\x1b[01m\x1b[Kcmd\x1b[m\x1b[K\xe2\x80\x99 [\x1b[01;35m\x1b[K\x1b]8;;https://gcc.gnu.org/onlinedocs/gcc/Warning-Options.html#index-Wunused-parameter\x07-Wunused-parameter\x1b]8;;\x07\x1b[m\x1b[K]\n'}
[32.220386] (quadruped_controller) StderrLine: {'line': b'   55 |                                    \x1b[01;35m\x1b[Kconst Command& cmd\x1b[m\x1b[K,\n'}
[32.220583] (quadruped_controller) StderrLine: {'line': b'      |                                    \x1b[01;35m\x1b[K~~~~~~~~~~~~~~~^~~\x1b[m\x1b[K\n'}
[32.285192] (-) TimerEvent: {}
[32.388944] (-) TimerEvent: {}
[32.489574] (-) TimerEvent: {}
[32.590062] (-) TimerEvent: {}
[32.690694] (-) TimerEvent: {}
[32.793760] (-) TimerEvent: {}
[32.894380] (-) TimerEvent: {}
[32.994948] (-) TimerEvent: {}
[33.097870] (-) TimerEvent: {}
[33.198402] (-) TimerEvent: {}
[33.299055] (-) TimerEvent: {}
[33.401839] (-) TimerEvent: {}
[33.502647] (-) TimerEvent: {}
[33.603765] (-) TimerEvent: {}
[33.705836] (-) TimerEvent: {}
[33.806415] (-) TimerEvent: {}
[33.908571] (-) TimerEvent: {}
[34.009133] (-) TimerEvent: {}
[34.112808] (-) TimerEvent: {}
[34.213256] (-) TimerEvent: {}
[34.313824] (-) TimerEvent: {}
[34.414243] (-) TimerEvent: {}
[34.514783] (-) TimerEvent: {}
[34.615222] (-) TimerEvent: {}
[34.715758] (-) TimerEvent: {}
[34.816190] (-) TimerEvent: {}
[34.916734] (-) TimerEvent: {}
[35.017150] (-) TimerEvent: {}
[35.117706] (-) TimerEvent: {}
[35.218128] (-) TimerEvent: {}
[35.318659] (-) TimerEvent: {}
[35.419085] (-) TimerEvent: {}
[35.520204] (-) TimerEvent: {}
[35.620636] (-) TimerEvent: {}
[35.721136] (-) TimerEvent: {}
[35.821560] (-) TimerEvent: {}
[35.922577] (-) TimerEvent: {}
[35.946781] (quadruped_controller) StderrLine: {'line': b'In file included from \x1b[01m\x1b[K/home/ubuntu/pi-dog_ws/src/quadruped_controller/include/spot_micro_motion_cmd/spot_micro_motion_cmd.h:28\x1b[m\x1b[K,\n'}
[35.947347] (quadruped_controller) StderrLine: {'line': b'                 from \x1b[01m\x1b[K/home/ubuntu/pi-dog_ws/src/quadruped_controller/src/motion_cmd/smfsm/spot_micro_walk.h:3\x1b[m\x1b[K,\n'}
[35.947652] (quadruped_controller) StderrLine: {'line': b'                 from \x1b[01m\x1b[K/home/ubuntu/pi-dog_ws/src/quadruped_controller/src/motion_cmd/smfsm/spot_micro_walk.cpp:1\x1b[m\x1b[K:\n'}
[35.947822] (quadruped_controller) StderrLine: {'line': b'\x1b[01m\x1b[K/home/ubuntu/pi-dog_ws/src/quadruped_controller/src/motion_cmd/smfsm/spot_micro_state.h:\x1b[m\x1b[K In member function \xe2\x80\x98\x1b[01m\x1b[Kvirtual void SpotMicroState::\x1b[01;32m\x1b[KhandleInputCommands\x1b[m\x1b[K(const smk::BodyState&, const SpotMicroNodeConfig&, const Command&, SpotMicroMotionCmd*, smk::BodyState*)\x1b[m\x1b[K\xe2\x80\x99:\n'}
[35.947987] (quadruped_controller) StderrLine: {'line': b'\x1b[01m\x1b[K/home/ubuntu/pi-dog_ws/src/quadruped_controller/src/motion_cmd/smfsm/spot_micro_state.h:42:58:\x1b[m\x1b[K \x1b[01;35m\x1b[Kwarning: \x1b[m\x1b[Kunused parameter \xe2\x80\x98\x1b[01m\x1b[Kbody_state\x1b[m\x1b[K\xe2\x80\x99 [\x1b[01;35m\x1b[K\x1b]8;;https://gcc.gnu.org/onlinedocs/gcc/Warning-Options.html#index-Wunused-parameter\x07-Wunused-parameter\x1b]8;;\x07\x1b[m\x1b[K]\n'}
[35.948116] (quadruped_controller) StderrLine: {'line': b'   42 |   virtual void handleInputCommands(\x1b[01;35m\x1b[Kconst smk::BodyState& body_state\x1b[m\x1b[K,\n'}
[35.948229] (quadruped_controller) StderrLine: {'line': b'      |                                    \x1b[01;35m\x1b[K~~~~~~~~~~~~~~~~~~~~~~^~~~~~~~~~\x1b[m\x1b[K\n'}
[35.948335] (quadruped_controller) StderrLine: {'line': b'\x1b[01m\x1b[K/home/ubuntu/pi-dog_ws/src/quadruped_controller/src/motion_cmd/smfsm/spot_micro_state.h:43:63:\x1b[m\x1b[K \x1b[01;35m\x1b[Kwarning: \x1b[m\x1b[Kunused parameter \xe2\x80\x98\x1b[01m\x1b[Ksmnc\x1b[m\x1b[K\xe2\x80\x99 [\x1b[01;35m\x1b[K\x1b]8;;https://gcc.gnu.org/onlinedocs/gcc/Warning-Options.html#index-Wunused-parameter\x07-Wunused-parameter\x1b]8;;\x07\x1b[m\x1b[K]\n'}
[35.948449] (quadruped_controller) StderrLine: {'line': b'   43 |                                    \x1b[01;35m\x1b[Kconst SpotMicroNodeConfig& smnc\x1b[m\x1b[K,\n'}
[35.948596] (quadruped_controller) StderrLine: {'line': b'      |                                    \x1b[01;35m\x1b[K~~~~~~~~~~~~~~~~~~~~~~~~~~~^~~~\x1b[m\x1b[K\n'}
[35.948705] (quadruped_controller) StderrLine: {'line': b'\x1b[01m\x1b[K/home/ubuntu/pi-dog_ws/src/quadruped_controller/src/motion_cmd/smfsm/spot_micro_state.h:44:51:\x1b[m\x1b[K \x1b[01;35m\x1b[Kwarning: \x1b[m\x1b[Kunused parameter \xe2\x80\x98\x1b[01m\x1b[Kcmd\x1b[m\x1b[K\xe2\x80\x99 [\x1b[01;35m\x1b[K\x1b]8;;https://gcc.gnu.org/onlinedocs/gcc/Warning-Options.html#index-Wunused-parameter\x07-Wunused-parameter\x1b]8;;\x07\x1b[m\x1b[K]\n'}
[35.948826] (quadruped_controller) StderrLine: {'line': b'   44 |                                    \x1b[01;35m\x1b[Kconst Command& cmd\x1b[m\x1b[K,\n'}
[35.948930] (quadruped_controller) StderrLine: {'line': b'      |                                    \x1b[01;35m\x1b[K~~~~~~~~~~~~~~~^~~\x1b[m\x1b[K\n'}
[35.949060] (quadruped_controller) StderrLine: {'line': b'\x1b[01m\x1b[K/home/ubuntu/pi-dog_ws/src/quadruped_controller/src/motion_cmd/smfsm/spot_micro_state.h:45:56:\x1b[m\x1b[K \x1b[01;35m\x1b[Kwarning: \x1b[m\x1b[Kunused parameter \xe2\x80\x98\x1b[01m\x1b[Ksmmc\x1b[m\x1b[K\xe2\x80\x99 [\x1b[01;35m\x1b[K\x1b]8;;https://gcc.gnu.org/onlinedocs/gcc/Warning-Options.html#index-Wunused-parameter\x07-Wunused-parameter\x1b]8;;\x07\x1b[m\x1b[K]\n'}
[35.949211] (quadruped_controller) StderrLine: {'line': b'   45 |                                    \x1b[01;35m\x1b[KSpotMicroMotionCmd* smmc\x1b[m\x1b[K,\n'}
[35.949399] (quadruped_controller) StderrLine: {'line': b'      |                                    \x1b[01;35m\x1b[K~~~~~~~~~~~~~~~~~~~~^~~~\x1b[m\x1b[K\n'}
[35.950853] (quadruped_controller) StderrLine: {'line': b'\x1b[01m\x1b[K/home/ubuntu/pi-dog_ws/src/quadruped_controller/src/motion_cmd/smfsm/spot_micro_state.h:46:52:\x1b[m\x1b[K \x1b[01;35m\x1b[Kwarning: \x1b[m\x1b[Kunused parameter \xe2\x80\x98\x1b[01m\x1b[Kbody_state_cmd\x1b[m\x1b[K\xe2\x80\x99 [\x1b[01;35m\x1b[K\x1b]8;;https://gcc.gnu.org/onlinedocs/gcc/Warning-Options.html#index-Wunused-parameter\x07-Wunused-parameter\x1b]8;;\x07\x1b[m\x1b[K]\n'}
[35.951446] (quadruped_controller) StderrLine: {'line': b'   46 |                                    \x1b[01;35m\x1b[Ksmk::BodyState* body_state_cmd\x1b[m\x1b[K) {}\n'}
[35.952046] (quadruped_controller) StderrLine: {'line': b'      |                                    \x1b[01;35m\x1b[K~~~~~~~~~~~~~~~~^~~~~~~~~~~~~~\x1b[m\x1b[K\n'}
[35.952509] (quadruped_controller) StderrLine: {'line': b'\x1b[01m\x1b[K/home/ubuntu/pi-dog_ws/src/quadruped_controller/src/motion_cmd/smfsm/spot_micro_state.h:\x1b[m\x1b[K In member function \xe2\x80\x98\x1b[01m\x1b[Kvirtual void SpotMicroState::\x1b[01;32m\x1b[Kinit\x1b[m\x1b[K(const smk::BodyState&, const SpotMicroNodeConfig&, const Command&, SpotMicroMotionCmd*)\x1b[m\x1b[K\xe2\x80\x99:\n'}
[35.953010] (quadruped_controller) StderrLine: {'line': b'\x1b[01m\x1b[K/home/ubuntu/pi-dog_ws/src/quadruped_controller/src/motion_cmd/smfsm/spot_micro_state.h:48:43:\x1b[m\x1b[K \x1b[01;35m\x1b[Kwarning: \x1b[m\x1b[Kunused parameter \xe2\x80\x98\x1b[01m\x1b[Kbody_state\x1b[m\x1b[K\xe2\x80\x99 [\x1b[01;35m\x1b[K\x1b]8;;https://gcc.gnu.org/onlinedocs/gcc/Warning-Options.html#index-Wunused-parameter\x07-Wunused-parameter\x1b]8;;\x07\x1b[m\x1b[K]\n'}
[35.953183] (quadruped_controller) StderrLine: {'line': b'   48 |   virtual void init(\x1b[01;35m\x1b[Kconst smk::BodyState& body_state\x1b[m\x1b[K,\n'}
[35.953331] (quadruped_controller) StderrLine: {'line': b'      |                     \x1b[01;35m\x1b[K~~~~~~~~~~~~~~~~~~~~~~^~~~~~~~~~\x1b[m\x1b[K\n'}
[35.953721] (quadruped_controller) StderrLine: {'line': b'\x1b[01m\x1b[K/home/ubuntu/pi-dog_ws/src/quadruped_controller/src/motion_cmd/smfsm/spot_micro_state.h:49:48:\x1b[m\x1b[K \x1b[01;35m\x1b[Kwarning: \x1b[m\x1b[Kunused parameter \xe2\x80\x98\x1b[01m\x1b[Ksmnc\x1b[m\x1b[K\xe2\x80\x99 [\x1b[01;35m\x1b[K\x1b]8;;https://gcc.gnu.org/onlinedocs/gcc/Warning-Options.html#index-Wunused-parameter\x07-Wunused-parameter\x1b]8;;\x07\x1b[m\x1b[K]\n'}
[35.953932] (quadruped_controller) StderrLine: {'line': b'   49 |                     \x1b[01;35m\x1b[Kconst SpotMicroNodeConfig& smnc\x1b[m\x1b[K,\n'}
[35.954053] (quadruped_controller) StderrLine: {'line': b'      |                     \x1b[01;35m\x1b[K~~~~~~~~~~~~~~~~~~~~~~~~~~~^~~~\x1b[m\x1b[K\n'}
[35.954160] (quadruped_controller) StderrLine: {'line': b'\x1b[01m\x1b[K/home/ubuntu/pi-dog_ws/src/quadruped_controller/src/motion_cmd/smfsm/spot_micro_state.h:50:36:\x1b[m\x1b[K \x1b[01;35m\x1b[Kwarning: \x1b[m\x1b[Kunused parameter \xe2\x80\x98\x1b[01m\x1b[Kcmd\x1b[m\x1b[K\xe2\x80\x99 [\x1b[01;35m\x1b[K\x1b]8;;https://gcc.gnu.org/onlinedocs/gcc/Warning-Options.html#index-Wunused-parameter\x07-Wunused-parameter\x1b]8;;\x07\x1b[m\x1b[K]\n'}
[35.954261] (quadruped_controller) StderrLine: {'line': b'   50 |                     \x1b[01;35m\x1b[Kconst Command& cmd\x1b[m\x1b[K,\n'}
[35.954359] (quadruped_controller) StderrLine: {'line': b'      |                     \x1b[01;35m\x1b[K~~~~~~~~~~~~~~~^~~\x1b[m\x1b[K\n'}
[35.954500] (quadruped_controller) StderrLine: {'line': b'\x1b[01m\x1b[K/home/ubuntu/pi-dog_ws/src/quadruped_controller/src/motion_cmd/smfsm/spot_micro_state.h:51:41:\x1b[m\x1b[K \x1b[01;35m\x1b[Kwarning: \x1b[m\x1b[Kunused parameter \xe2\x80\x98\x1b[01m\x1b[Ksmmc\x1b[m\x1b[K\xe2\x80\x99 [\x1b[01;35m\x1b[K\x1b]8;;https://gcc.gnu.org/onlinedocs/gcc/Warning-Options.html#index-Wunused-parameter\x07-Wunused-parameter\x1b]8;;\x07\x1b[m\x1b[K]\n'}
[35.954601] (quadruped_controller) StderrLine: {'line': b'   51 |                     \x1b[01;35m\x1b[KSpotMicroMotionCmd* smmc\x1b[m\x1b[K) {}\n'}
[35.954692] (quadruped_controller) StderrLine: {'line': b'      |                     \x1b[01;35m\x1b[K~~~~~~~~~~~~~~~~~~~~^~~~\x1b[m\x1b[K\n'}
[36.022759] (-) TimerEvent: {}
[36.123467] (-) TimerEvent: {}
[36.224237] (-) TimerEvent: {}
[36.325123] (-) TimerEvent: {}
[36.326945] (quadruped_controller) StderrLine: {'line': b'\x1b[01m\x1b[K/home/ubuntu/pi-dog_ws/src/quadruped_controller/src/motion_cmd/smfsm/spot_micro_walk.cpp:\x1b[m\x1b[K In member function \xe2\x80\x98\x1b[01m\x1b[Kvirtual void SpotMicroWalkState::\x1b[01;32m\x1b[Kinit\x1b[m\x1b[K(const smk::BodyState&, const SpotMicroNodeConfig&, const Command&, SpotMicroMotionCmd*)\x1b[m\x1b[K\xe2\x80\x99:\n'}
[36.327181] (quadruped_controller) StderrLine: {'line': b'\x1b[01m\x1b[K/home/ubuntu/pi-dog_ws/src/quadruped_controller/src/motion_cmd/smfsm/spot_micro_walk.cpp:63:53:\x1b[m\x1b[K \x1b[01;35m\x1b[Kwarning: \x1b[m\x1b[Kunused parameter \xe2\x80\x98\x1b[01m\x1b[Kbody_state\x1b[m\x1b[K\xe2\x80\x99 [\x1b[01;35m\x1b[K\x1b]8;;https://gcc.gnu.org/onlinedocs/gcc/Warning-Options.html#index-Wunused-parameter\x07-Wunused-parameter\x1b]8;;\x07\x1b[m\x1b[K]\n'}
[36.327319] (quadruped_controller) StderrLine: {'line': b'   63 | void SpotMicroWalkState::init(\x1b[01;35m\x1b[Kconst smk::BodyState& body_state\x1b[m\x1b[K,\n'}
[36.327421] (quadruped_controller) StderrLine: {'line': b'      |                               \x1b[01;35m\x1b[K~~~~~~~~~~~~~~~~~~~~~~^~~~~~~~~~\x1b[m\x1b[K\n'}
[36.327556] (quadruped_controller) StderrLine: {'line': b'\x1b[01m\x1b[K/home/ubuntu/pi-dog_ws/src/quadruped_controller/src/motion_cmd/smfsm/spot_micro_walk.cpp:65:47:\x1b[m\x1b[K \x1b[01;35m\x1b[Kwarning: \x1b[m\x1b[Kunused parameter \xe2\x80\x98\x1b[01m\x1b[Kcmd\x1b[m\x1b[K\xe2\x80\x99 [\x1b[01;35m\x1b[K\x1b]8;;https://gcc.gnu.org/onlinedocs/gcc/Warning-Options.html#index-Wunused-parameter\x07-Wunused-parameter\x1b]8;;\x07\x1b[m\x1b[K]\n'}
[36.327675] (quadruped_controller) StderrLine: {'line': b'   65 |                                \x1b[01;35m\x1b[Kconst Command& cmd\x1b[m\x1b[K,\n'}
[36.327772] (quadruped_controller) StderrLine: {'line': b'      |                                \x1b[01;35m\x1b[K~~~~~~~~~~~~~~~^~~\x1b[m\x1b[K\n'}
[36.425291] (-) TimerEvent: {}
[36.525822] (-) TimerEvent: {}
[36.626240] (-) TimerEvent: {}
[36.727508] (-) TimerEvent: {}
[36.827903] (-) TimerEvent: {}
[36.928395] (-) TimerEvent: {}
[37.028832] (-) TimerEvent: {}
[37.129370] (-) TimerEvent: {}
[37.229790] (-) TimerEvent: {}
[37.271191] (quadruped_controller) StderrLine: {'line': b'\x1b[01m\x1b[K/home/ubuntu/pi-dog_ws/src/quadruped_controller/src/motion_cmd/smfsm/spot_micro_walk.cpp:\x1b[m\x1b[K In member function \xe2\x80\x98\x1b[01m\x1b[Ksmk::Point SpotMicroWalkState::\x1b[01;32m\x1b[KstepBodyShift\x1b[m\x1b[K(const smk::BodyState&, const Command&, const SpotMicroNodeConfig&)\x1b[m\x1b[K\xe2\x80\x99:\n'}
[37.271866] (quadruped_controller) StderrLine: {'line': b'\x1b[01m\x1b[K/home/ubuntu/pi-dog_ws/src/quadruped_controller/src/motion_cmd/smfsm/spot_micro_walk.cpp:299:20:\x1b[m\x1b[K \x1b[01;35m\x1b[Kwarning: \x1b[m\x1b[Kunused parameter \xe2\x80\x98\x1b[01m\x1b[Kcmd\x1b[m\x1b[K\xe2\x80\x99 [\x1b[01;35m\x1b[K\x1b]8;;https://gcc.gnu.org/onlinedocs/gcc/Warning-Options.html#index-Wunused-parameter\x07-Wunused-parameter\x1b]8;;\x07\x1b[m\x1b[K]\n'}
[37.272209] (quadruped_controller) StderrLine: {'line': b'  299 |     \x1b[01;35m\x1b[Kconst Command& cmd\x1b[m\x1b[K,\n'}
[37.272514] (quadruped_controller) StderrLine: {'line': b'      |     \x1b[01;35m\x1b[K~~~~~~~~~~~~~~~^~~\x1b[m\x1b[K\n'}
[37.329911] (-) TimerEvent: {}
[37.430381] (-) TimerEvent: {}
[37.531273] (-) TimerEvent: {}
[37.631722] (-) TimerEvent: {}
[37.732756] (-) TimerEvent: {}
[37.833271] (-) TimerEvent: {}
[37.933682] (-) TimerEvent: {}
[38.034181] (-) TimerEvent: {}
[38.134587] (-) TimerEvent: {}
[38.235096] (-) TimerEvent: {}
[38.335523] (-) TimerEvent: {}
[38.436010] (-) TimerEvent: {}
[38.536417] (-) TimerEvent: {}
[38.636956] (-) TimerEvent: {}
[38.737369] (-) TimerEvent: {}
[38.837885] (-) TimerEvent: {}
[38.938296] (-) TimerEvent: {}
[39.038831] (-) TimerEvent: {}
[39.139266] (-) TimerEvent: {}
[39.239818] (-) TimerEvent: {}
[39.340393] (-) TimerEvent: {}
[39.440915] (-) TimerEvent: {}
[39.541326] (-) TimerEvent: {}
[39.641837] (-) TimerEvent: {}
[39.742237] (-) TimerEvent: {}
[39.842757] (-) TimerEvent: {}
[39.943161] (-) TimerEvent: {}
[40.043705] (-) TimerEvent: {}
[40.144155] (-) TimerEvent: {}
[40.244695] (-) TimerEvent: {}
[40.345115] (-) TimerEvent: {}
[40.445576] (-) TimerEvent: {}
[40.545952] (-) TimerEvent: {}
[40.646409] (-) TimerEvent: {}
[40.746760] (-) TimerEvent: {}
[40.847096] (-) TimerEvent: {}
[40.947503] (-) TimerEvent: {}
[41.047966] (-) TimerEvent: {}
[41.148309] (-) TimerEvent: {}
[41.248693] (-) TimerEvent: {}
[41.349148] (-) TimerEvent: {}
[41.449495] (-) TimerEvent: {}
[41.549862] (-) TimerEvent: {}
[41.650277] (-) TimerEvent: {}
[41.750767] (-) TimerEvent: {}
[41.851104] (-) TimerEvent: {}
[41.951440] (-) TimerEvent: {}
[42.051791] (-) TimerEvent: {}
[42.152120] (-) TimerEvent: {}
[42.252474] (-) TimerEvent: {}
[42.352835] (-) TimerEvent: {}
[42.453286] (-) TimerEvent: {}
[42.553639] (-) TimerEvent: {}
[42.654025] (-) TimerEvent: {}
[42.754509] (-) TimerEvent: {}
[42.854868] (-) TimerEvent: {}
[42.955207] (-) TimerEvent: {}
[43.055548] (-) TimerEvent: {}
[43.155885] (-) TimerEvent: {}
[43.256220] (-) TimerEvent: {}
[43.356560] (-) TimerEvent: {}
[43.456936] (-) TimerEvent: {}
[43.557392] (-) TimerEvent: {}
[43.657789] (-) TimerEvent: {}
[43.758245] (-) TimerEvent: {}
[43.858605] (-) TimerEvent: {}
[43.958943] (-) TimerEvent: {}
[44.059286] (-) TimerEvent: {}
[44.159654] (-) TimerEvent: {}
[44.260025] (-) TimerEvent: {}
[44.360489] (-) TimerEvent: {}
[44.460824] (-) TimerEvent: {}
[44.561187] (-) TimerEvent: {}
[44.661651] (-) TimerEvent: {}
[44.761999] (-) TimerEvent: {}
[44.862368] (-) TimerEvent: {}
[44.962844] (-) TimerEvent: {}
[45.063231] (-) TimerEvent: {}
[45.163718] (-) TimerEvent: {}
[45.264062] (-) TimerEvent: {}
[45.364402] (-) TimerEvent: {}
[45.464754] (-) TimerEvent: {}
[45.565095] (-) TimerEvent: {}
[45.665445] (-) TimerEvent: {}
[45.765799] (-) TimerEvent: {}
[45.866141] (-) TimerEvent: {}
[45.966484] (-) TimerEvent: {}
[46.066821] (-) TimerEvent: {}
[46.167147] (-) TimerEvent: {}
[46.267532] (-) TimerEvent: {}
[46.367977] (-) TimerEvent: {}
[46.468327] (-) TimerEvent: {}
[46.568748] (-) TimerEvent: {}
[46.669268] (-) TimerEvent: {}
[46.769642] (-) TimerEvent: {}
[46.870024] (-) TimerEvent: {}
[46.970402] (-) TimerEvent: {}
[47.070802] (-) TimerEvent: {}
[47.171154] (-) TimerEvent: {}
[47.271530] (-) TimerEvent: {}
[47.371900] (-) TimerEvent: {}
[47.472276] (-) TimerEvent: {}
[47.572664] (-) TimerEvent: {}
[47.673102] (-) TimerEvent: {}
[47.773744] (-) TimerEvent: {}
[47.874129] (-) TimerEvent: {}
[47.974625] (-) TimerEvent: {}
[48.075022] (-) TimerEvent: {}
[48.175533] (-) TimerEvent: {}
[48.275954] (-) TimerEvent: {}
[48.376420] (-) TimerEvent: {}
[48.476795] (-) TimerEvent: {}
[48.577209] (-) TimerEvent: {}
[48.677693] (-) TimerEvent: {}
[48.778095] (-) TimerEvent: {}
[48.878576] (-) TimerEvent: {}
[48.979000] (-) TimerEvent: {}
[49.079381] (-) TimerEvent: {}
[49.179836] (-) TimerEvent: {}
[49.280302] (-) TimerEvent: {}
[49.380710] (-) TimerEvent: {}
[49.481098] (-) TimerEvent: {}
[49.581614] (-) TimerEvent: {}
[49.682310] (-) TimerEvent: {}
[49.782792] (-) TimerEvent: {}
[49.883525] (-) TimerEvent: {}
[49.983919] (-) TimerEvent: {}
[50.084425] (-) TimerEvent: {}
[50.184801] (-) TimerEvent: {}
[50.285188] (-) TimerEvent: {}
[50.385558] (-) TimerEvent: {}
[50.477251] (quadruped_controller) StdoutLine: {'line': b'[100%] \x1b[32m\x1b[1mLinking CXX executable ik_test_node\x1b[0m\n'}
[50.485632] (-) TimerEvent: {}
[50.585942] (-) TimerEvent: {}
[50.686315] (-) TimerEvent: {}
[50.786747] (-) TimerEvent: {}
[50.887296] (-) TimerEvent: {}
[50.988147] (-) TimerEvent: {}
[51.088893] (-) TimerEvent: {}
[51.189383] (-) TimerEvent: {}
[51.289800] (-) TimerEvent: {}
[51.390191] (-) TimerEvent: {}
[51.490791] (-) TimerEvent: {}
[51.591490] (-) TimerEvent: {}
[51.691965] (-) TimerEvent: {}
[51.792341] (-) TimerEvent: {}
[51.892840] (-) TimerEvent: {}
[51.993326] (-) TimerEvent: {}
[52.093818] (-) TimerEvent: {}
[52.194228] (-) TimerEvent: {}
[52.294652] (-) TimerEvent: {}
[52.395097] (-) TimerEvent: {}
[52.495488] (-) TimerEvent: {}
[52.595851] (-) TimerEvent: {}
[52.654555] (quadruped_controller) StderrLine: {'line': b"/usr/bin/ld: CMakeFiles/ik_test_node.dir/src/motion_cmd/smfsm/spot_micro_idle.cpp.o: in function `SpotMicroIdleState::SpotMicroIdleState()':\n"}
[52.654889] (quadruped_controller) StderrLine: {'line': b"spot_micro_idle.cpp:(.text+0x10): undefined reference to `SpotMicroState::SpotMicroState()'\n"}
[52.655038] (quadruped_controller) StderrLine: {'line': b"/usr/bin/ld: CMakeFiles/ik_test_node.dir/src/motion_cmd/smfsm/spot_micro_idle.cpp.o: in function `SpotMicroIdleState::~SpotMicroIdleState()':\n"}
[52.655179] (quadruped_controller) StderrLine: {'line': b"spot_micro_idle.cpp:(.text+0x50): undefined reference to `SpotMicroState::~SpotMicroState()'\n"}
[52.655275] (quadruped_controller) StderrLine: {'line': b"/usr/bin/ld: CMakeFiles/ik_test_node.dir/src/motion_cmd/smfsm/spot_micro_idle.cpp.o: in function `SpotMicroIdleState::handleInputCommands(smk::BodyState const&, SpotMicroNodeConfig const&, Command const&, SpotMicroMotionCmd*, smk::BodyState*)':\n"}
[52.655369] (quadruped_controller) StderrLine: {'line': b"spot_micro_idle.cpp:(.text+0x148): undefined reference to `SpotMicroState::changeState(SpotMicroMotionCmd*, std::unique_ptr<SpotMicroState, std::default_delete<SpotMicroState> >)'\n"}
[52.655543] (quadruped_controller) StderrLine: {'line': b"/usr/bin/ld: CMakeFiles/ik_test_node.dir/src/motion_cmd/smfsm/spot_micro_idle.cpp.o:(.data.rel.ro._ZTV18SpotMicroIdleState[_ZTV18SpotMicroIdleState]+0x38): undefined reference to `SpotMicroState::initBodyStateFilters(float, float, float, float, smk::BodyState const&, BodyStateFilters*)'\n"}
[52.655798] (quadruped_controller) StderrLine: {'line': b"/usr/bin/ld: CMakeFiles/ik_test_node.dir/src/motion_cmd/smfsm/spot_micro_idle.cpp.o:(.data.rel.ro._ZTV18SpotMicroIdleState[_ZTV18SpotMicroIdleState]+0x40): undefined reference to `SpotMicroState::setBodyStateFilterCommands(smk::BodyState const&, BodyStateFilters*)'\n"}
[52.655897] (quadruped_controller) StderrLine: {'line': b"/usr/bin/ld: CMakeFiles/ik_test_node.dir/src/motion_cmd/smfsm/spot_micro_idle.cpp.o:(.data.rel.ro._ZTV18SpotMicroIdleState[_ZTV18SpotMicroIdleState]+0x48): undefined reference to `SpotMicroState::runFilters(BodyStateFilters*)'\n"}
[52.655987] (quadruped_controller) StderrLine: {'line': b"/usr/bin/ld: CMakeFiles/ik_test_node.dir/src/motion_cmd/smfsm/spot_micro_idle.cpp.o:(.data.rel.ro._ZTV18SpotMicroIdleState[_ZTV18SpotMicroIdleState]+0x50): undefined reference to `SpotMicroState::assignFilterValuesToBodyState(BodyStateFilters const&, smk::BodyState*)'\n"}
[52.656076] (quadruped_controller) StderrLine: {'line': b"/usr/bin/ld: CMakeFiles/ik_test_node.dir/src/motion_cmd/smfsm/spot_micro_idle.cpp.o:(.data.rel.ro._ZTV18SpotMicroIdleState[_ZTV18SpotMicroIdleState]+0x58): undefined reference to `SpotMicroState::checkBodyStateEquality(smk::BodyState const&, smk::BodyState const&, float)'\n"}
[52.656162] (quadruped_controller) StderrLine: {'line': b"/usr/bin/ld: CMakeFiles/ik_test_node.dir/src/motion_cmd/smfsm/spot_micro_idle.cpp.o:(.data.rel.ro._ZTI18SpotMicroIdleState[_ZTI18SpotMicroIdleState]+0x10): undefined reference to `typeinfo for SpotMicroState'\n"}
[52.656246] (quadruped_controller) StderrLine: {'line': b"/usr/bin/ld: CMakeFiles/ik_test_node.dir/src/motion_cmd/smfsm/spot_micro_stand.cpp.o: in function `SpotMicroStandState::SpotMicroStandState()':\n"}
[52.656436] (quadruped_controller) StderrLine: {'line': b"spot_micro_stand.cpp:(.text+0x10): undefined reference to `SpotMicroState::SpotMicroState()'\n"}
[52.656658] (quadruped_controller) StderrLine: {'line': b"/usr/bin/ld: CMakeFiles/ik_test_node.dir/src/motion_cmd/smfsm/spot_micro_stand.cpp.o: in function `SpotMicroStandState::~SpotMicroStandState()':\n"}
[52.656785] (quadruped_controller) StderrLine: {'line': b"spot_micro_stand.cpp:(.text+0x5c): undefined reference to `SpotMicroState::~SpotMicroState()'\n"}
[52.656882] (quadruped_controller) StderrLine: {'line': b"/usr/bin/ld: CMakeFiles/ik_test_node.dir/src/motion_cmd/smfsm/spot_micro_stand.cpp.o: in function `SpotMicroStandState::handleInputCommands(smk::BodyState const&, SpotMicroNodeConfig const&, Command const&, SpotMicroMotionCmd*, smk::BodyState*)':\n"}
[52.656985] (quadruped_controller) StderrLine: {'line': b"spot_micro_stand.cpp:(.text+0x154): undefined reference to `SpotMicroState::changeState(SpotMicroMotionCmd*, std::unique_ptr<SpotMicroState, std::default_delete<SpotMicroState> >)'\n"}
[52.657069] (quadruped_controller) StderrLine: {'line': b"/usr/bin/ld: spot_micro_stand.cpp:(.text+0x1bc): undefined reference to `SpotMicroState::changeState(SpotMicroMotionCmd*, std::unique_ptr<SpotMicroState, std::default_delete<SpotMicroState> >)'\n"}
[52.657154] (quadruped_controller) StderrLine: {'line': b"/usr/bin/ld: CMakeFiles/ik_test_node.dir/src/motion_cmd/smfsm/spot_micro_stand.cpp.o:(.data.rel.ro._ZTV19SpotMicroStandState[_ZTV19SpotMicroStandState]+0x38): undefined reference to `SpotMicroState::initBodyStateFilters(float, float, float, float, smk::BodyState const&, BodyStateFilters*)'\n"}
[52.657249] (quadruped_controller) StderrLine: {'line': b"/usr/bin/ld: CMakeFiles/ik_test_node.dir/src/motion_cmd/smfsm/spot_micro_stand.cpp.o:(.data.rel.ro._ZTV19SpotMicroStandState[_ZTV19SpotMicroStandState]+0x40): undefined reference to `SpotMicroState::setBodyStateFilterCommands(smk::BodyState const&, BodyStateFilters*)'\n"}
[52.657336] (quadruped_controller) StderrLine: {'line': b"/usr/bin/ld: CMakeFiles/ik_test_node.dir/src/motion_cmd/smfsm/spot_micro_stand.cpp.o:(.data.rel.ro._ZTV19SpotMicroStandState[_ZTV19SpotMicroStandState]+0x48): undefined reference to `SpotMicroState::runFilters(BodyStateFilters*)'\n"}
[52.657421] (quadruped_controller) StderrLine: {'line': b"/usr/bin/ld: CMakeFiles/ik_test_node.dir/src/motion_cmd/smfsm/spot_micro_stand.cpp.o:(.data.rel.ro._ZTV19SpotMicroStandState[_ZTV19SpotMicroStandState]+0x50): undefined reference to `SpotMicroState::assignFilterValuesToBodyState(BodyStateFilters const&, smk::BodyState*)'\n"}
[52.657529] (quadruped_controller) StderrLine: {'line': b"/usr/bin/ld: CMakeFiles/ik_test_node.dir/src/motion_cmd/smfsm/spot_micro_stand.cpp.o:(.data.rel.ro._ZTV19SpotMicroStandState[_ZTV19SpotMicroStandState]+0x58): undefined reference to `SpotMicroState::checkBodyStateEquality(smk::BodyState const&, smk::BodyState const&, float)'\n"}
[52.657624] (quadruped_controller) StderrLine: {'line': b"/usr/bin/ld: CMakeFiles/ik_test_node.dir/src/motion_cmd/smfsm/spot_micro_stand.cpp.o:(.data.rel.ro._ZTI19SpotMicroStandState[_ZTI19SpotMicroStandState]+0x10): undefined reference to `typeinfo for SpotMicroState'\n"}
[52.657822] (quadruped_controller) StderrLine: {'line': b"/usr/bin/ld: CMakeFiles/ik_test_node.dir/src/motion_cmd/smfsm/spot_micro_transition_idle.cpp.o: in function `SpotMicroTransitionIdleState::SpotMicroTransitionIdleState()':\n"}
[52.657948] (quadruped_controller) StderrLine: {'line': b"spot_micro_transition_idle.cpp:(.text+0x10): undefined reference to `SpotMicroState::SpotMicroState()'\n"}
[52.658215] (quadruped_controller) StderrLine: {'line': b"/usr/bin/ld: CMakeFiles/ik_test_node.dir/src/motion_cmd/smfsm/spot_micro_transition_idle.cpp.o: in function `SpotMicroTransitionIdleState::~SpotMicroTransitionIdleState()':\n"}
[52.658322] (quadruped_controller) StderrLine: {'line': b"spot_micro_transition_idle.cpp:(.text+0x68): undefined reference to `SpotMicroState::~SpotMicroState()'\n"}
[52.658431] (quadruped_controller) StderrLine: {'line': b"/usr/bin/ld: CMakeFiles/ik_test_node.dir/src/motion_cmd/smfsm/spot_micro_transition_idle.cpp.o: in function `SpotMicroTransitionIdleState::handleInputCommands(smk::BodyState const&, SpotMicroNodeConfig const&, Command const&, SpotMicroMotionCmd*, smk::BodyState*)':\n"}
[52.658552] (quadruped_controller) StderrLine: {'line': b"spot_micro_transition_idle.cpp:(.text+0x318): undefined reference to `SpotMicroState::changeState(SpotMicroMotionCmd*, std::unique_ptr<SpotMicroState, std::default_delete<SpotMicroState> >)'\n"}
[52.658646] (quadruped_controller) StderrLine: {'line': b"/usr/bin/ld: CMakeFiles/ik_test_node.dir/src/motion_cmd/smfsm/spot_micro_transition_idle.cpp.o:(.data.rel.ro._ZTV28SpotMicroTransitionIdleState[_ZTV28SpotMicroTransitionIdleState]+0x38): undefined reference to `SpotMicroState::initBodyStateFilters(float, float, float, float, smk::BodyState const&, BodyStateFilters*)'\n"}
[52.658743] (quadruped_controller) StderrLine: {'line': b"/usr/bin/ld: CMakeFiles/ik_test_node.dir/src/motion_cmd/smfsm/spot_micro_transition_idle.cpp.o:(.data.rel.ro._ZTV28SpotMicroTransitionIdleState[_ZTV28SpotMicroTransitionIdleState]+0x40): undefined reference to `SpotMicroState::setBodyStateFilterCommands(smk::BodyState const&, BodyStateFilters*)'\n"}
[52.658830] (quadruped_controller) StderrLine: {'line': b"/usr/bin/ld: CMakeFiles/ik_test_node.dir/src/motion_cmd/smfsm/spot_micro_transition_idle.cpp.o:(.data.rel.ro._ZTV28SpotMicroTransitionIdleState[_ZTV28SpotMicroTransitionIdleState]+0x48): undefined reference to `SpotMicroState::runFilters(BodyStateFilters*)'\n"}
[52.658913] (quadruped_controller) StderrLine: {'line': b"/usr/bin/ld: CMakeFiles/ik_test_node.dir/src/motion_cmd/smfsm/spot_micro_transition_idle.cpp.o:(.data.rel.ro._ZTV28SpotMicroTransitionIdleState[_ZTV28SpotMicroTransitionIdleState]+0x50): undefined reference to `SpotMicroState::assignFilterValuesToBodyState(BodyStateFilters const&, smk::BodyState*)'\n"}
[52.659004] (quadruped_controller) StderrLine: {'line': b"/usr/bin/ld: CMakeFiles/ik_test_node.dir/src/motion_cmd/smfsm/spot_micro_transition_idle.cpp.o:(.data.rel.ro._ZTV28SpotMicroTransitionIdleState[_ZTV28SpotMicroTransitionIdleState]+0x58): undefined reference to `SpotMicroState::checkBodyStateEquality(smk::BodyState const&, smk::BodyState const&, float)'\n"}
[52.659093] (quadruped_controller) StderrLine: {'line': b"/usr/bin/ld: CMakeFiles/ik_test_node.dir/src/motion_cmd/smfsm/spot_micro_transition_idle.cpp.o:(.data.rel.ro._ZTI28SpotMicroTransitionIdleState[_ZTI28SpotMicroTransitionIdleState]+0x10): undefined reference to `typeinfo for SpotMicroState'\n"}
[52.659199] (quadruped_controller) StderrLine: {'line': b"/usr/bin/ld: CMakeFiles/ik_test_node.dir/src/motion_cmd/smfsm/spot_micro_transition_stand.cpp.o: in function `SpotMicroTransitionStandState::SpotMicroTransitionStandState()':\n"}
[52.659294] (quadruped_controller) StderrLine: {'line': b"spot_micro_transition_stand.cpp:(.text+0x10): undefined reference to `SpotMicroState::SpotMicroState()'\n"}
[52.659397] (quadruped_controller) StderrLine: {'line': b"/usr/bin/ld: CMakeFiles/ik_test_node.dir/src/motion_cmd/smfsm/spot_micro_transition_stand.cpp.o: in function `SpotMicroTransitionStandState::~SpotMicroTransitionStandState()':\n"}
[52.659527] (quadruped_controller) StderrLine: {'line': b"spot_micro_transition_stand.cpp:(.text+0x68): undefined reference to `SpotMicroState::~SpotMicroState()'\n"}
[52.659654] (quadruped_controller) StderrLine: {'line': b"/usr/bin/ld: CMakeFiles/ik_test_node.dir/src/motion_cmd/smfsm/spot_micro_transition_stand.cpp.o: in function `SpotMicroTransitionStandState::handleInputCommands(smk::BodyState const&, SpotMicroNodeConfig const&, Command const&, SpotMicroMotionCmd*, smk::BodyState*)':\n"}
[52.659773] (quadruped_controller) StderrLine: {'line': b"spot_micro_transition_stand.cpp:(.text+0x318): undefined reference to `SpotMicroState::changeState(SpotMicroMotionCmd*, std::unique_ptr<SpotMicroState, std::default_delete<SpotMicroState> >)'\n"}
[52.659872] (quadruped_controller) StderrLine: {'line': b"/usr/bin/ld: CMakeFiles/ik_test_node.dir/src/motion_cmd/smfsm/spot_micro_transition_stand.cpp.o:(.data.rel.ro._ZTV29SpotMicroTransitionStandState[_ZTV29SpotMicroTransitionStandState]+0x38): undefined reference to `SpotMicroState::initBodyStateFilters(float, float, float, float, smk::BodyState const&, BodyStateFilters*)'\n"}
[52.659957] (quadruped_controller) StderrLine: {'line': b"/usr/bin/ld: CMakeFiles/ik_test_node.dir/src/motion_cmd/smfsm/spot_micro_transition_stand.cpp.o:(.data.rel.ro._ZTV29SpotMicroTransitionStandState[_ZTV29SpotMicroTransitionStandState]+0x40): undefined reference to `SpotMicroState::setBodyStateFilterCommands(smk::BodyState const&, BodyStateFilters*)'\n"}
[52.660039] (quadruped_controller) StderrLine: {'line': b"/usr/bin/ld: CMakeFiles/ik_test_node.dir/src/motion_cmd/smfsm/spot_micro_transition_stand.cpp.o:(.data.rel.ro._ZTV29SpotMicroTransitionStandState[_ZTV29SpotMicroTransitionStandState]+0x48): undefined reference to `SpotMicroState::runFilters(BodyStateFilters*)'\n"}
[52.660121] (quadruped_controller) StderrLine: {'line': b"/usr/bin/ld: CMakeFiles/ik_test_node.dir/src/motion_cmd/smfsm/spot_micro_transition_stand.cpp.o:(.data.rel.ro._ZTV29SpotMicroTransitionStandState[_ZTV29SpotMicroTransitionStandState]+0x50): undefined reference to `SpotMicroState::assignFilterValuesToBodyState(BodyStateFilters const&, smk::BodyState*)'\n"}
[52.660271] (quadruped_controller) StderrLine: {'line': b"/usr/bin/ld: CMakeFiles/ik_test_node.dir/src/motion_cmd/smfsm/spot_micro_transition_stand.cpp.o:(.data.rel.ro._ZTV29SpotMicroTransitionStandState[_ZTV29SpotMicroTransitionStandState]+0x58): undefined reference to `SpotMicroState::checkBodyStateEquality(smk::BodyState const&, smk::BodyState const&, float)'\n"}
[52.660510] (quadruped_controller) StderrLine: {'line': b"/usr/bin/ld: CMakeFiles/ik_test_node.dir/src/motion_cmd/smfsm/spot_micro_transition_stand.cpp.o:(.data.rel.ro._ZTI29SpotMicroTransitionStandState[_ZTI29SpotMicroTransitionStandState]+0x10): undefined reference to `typeinfo for SpotMicroState'\n"}
[52.660622] (quadruped_controller) StderrLine: {'line': b"/usr/bin/ld: CMakeFiles/ik_test_node.dir/src/motion_cmd/smfsm/spot_micro_walk.cpp.o: in function `SpotMicroWalkState::SpotMicroWalkState()':\n"}
[52.660711] (quadruped_controller) StderrLine: {'line': b"spot_micro_walk.cpp:(.text+0x10): undefined reference to `SpotMicroState::SpotMicroState()'\n"}
[52.660795] (quadruped_controller) StderrLine: {'line': b"/usr/bin/ld: CMakeFiles/ik_test_node.dir/src/motion_cmd/smfsm/spot_micro_walk.cpp.o: in function `SpotMicroWalkState::~SpotMicroWalkState()':\n"}
[52.660881] (quadruped_controller) StderrLine: {'line': b"spot_micro_walk.cpp:(.text+0xa0): undefined reference to `SpotMicroState::~SpotMicroState()'\n"}
[52.660962] (quadruped_controller) StderrLine: {'line': b"/usr/bin/ld: CMakeFiles/ik_test_node.dir/src/motion_cmd/smfsm/spot_micro_walk.cpp.o: in function `SpotMicroWalkState::handleInputCommands(smk::BodyState const&, SpotMicroNodeConfig const&, Command const&, SpotMicroMotionCmd*, smk::BodyState*)':\n"}
[52.661045] (quadruped_controller) StderrLine: {'line': b"spot_micro_walk.cpp:(.text+0x198): undefined reference to `SpotMicroState::changeState(SpotMicroMotionCmd*, std::unique_ptr<SpotMicroState, std::default_delete<SpotMicroState> >)'\n"}
[52.663585] (quadruped_controller) StderrLine: {'line': b"/usr/bin/ld: CMakeFiles/ik_test_node.dir/src/motion_cmd/smfsm/spot_micro_walk.cpp.o:(.data.rel.ro._ZTV18SpotMicroWalkState[_ZTV18SpotMicroWalkState]+0x38): undefined reference to `SpotMicroState::initBodyStateFilters(float, float, float, float, smk::BodyState const&, BodyStateFilters*)'\n"}
[52.664357] (quadruped_controller) StderrLine: {'line': b"/usr/bin/ld: CMakeFiles/ik_test_node.dir/src/motion_cmd/smfsm/spot_micro_walk.cpp.o:(.data.rel.ro._ZTV18SpotMicroWalkState[_ZTV18SpotMicroWalkState]+0x40): undefined reference to `SpotMicroState::setBodyStateFilterCommands(smk::BodyState const&, BodyStateFilters*)'\n"}
[52.664741] (quadruped_controller) StderrLine: {'line': b"/usr/bin/ld: CMakeFiles/ik_test_node.dir/src/motion_cmd/smfsm/spot_micro_walk.cpp.o:(.data.rel.ro._ZTV18SpotMicroWalkState[_ZTV18SpotMicroWalkState]+0x48): undefined reference to `SpotMicroState::runFilters(BodyStateFilters*)'\n"}
[52.665118] (quadruped_controller) StderrLine: {'line': b"/usr/bin/ld: CMakeFiles/ik_test_node.dir/src/motion_cmd/smfsm/spot_micro_walk.cpp.o:(.data.rel.ro._ZTV18SpotMicroWalkState[_ZTV18SpotMicroWalkState]+0x50): undefined reference to `SpotMicroState::assignFilterValuesToBodyState(BodyStateFilters const&, smk::BodyState*)'\n"}
[52.665432] (quadruped_controller) StderrLine: {'line': b"/usr/bin/ld: CMakeFiles/ik_test_node.dir/src/motion_cmd/smfsm/spot_micro_walk.cpp.o:(.data.rel.ro._ZTV18SpotMicroWalkState[_ZTV18SpotMicroWalkState]+0x58): undefined reference to `SpotMicroState::checkBodyStateEquality(smk::BodyState const&, smk::BodyState const&, float)'\n"}
[52.665680] (quadruped_controller) StderrLine: {'line': b"/usr/bin/ld: CMakeFiles/ik_test_node.dir/src/motion_cmd/smfsm/spot_micro_walk.cpp.o:(.data.rel.ro._ZTI18SpotMicroWalkState[_ZTI18SpotMicroWalkState]+0x10): undefined reference to `typeinfo for SpotMicroState'\n"}
[52.695962] (-) TimerEvent: {}
[52.796377] (-) TimerEvent: {}
[52.830988] (quadruped_controller) StderrLine: {'line': b'collect2: error: ld returned 1 exit status\n'}
[52.833850] (quadruped_controller) StderrLine: {'line': b'gmake[2]: *** [CMakeFiles/ik_test_node.dir/build.make:377: ik_test_node] Error 1\n'}
[52.834178] (quadruped_controller) StderrLine: {'line': b'gmake[1]: *** [CMakeFiles/Makefile2:137: CMakeFiles/ik_test_node.dir/all] Error 2\n'}
[52.834512] (quadruped_controller) StderrLine: {'line': b'gmake: *** [Makefile:146: all] Error 2\n'}
[52.855002] (quadruped_controller) CommandEnded: {'returncode': 2}
[52.896484] (-) TimerEvent: {}
[52.913356] (quadruped_controller) JobEnded: {'identifier': 'quadruped_controller', 'rc': 2}
[52.925521] (-) EventReactorShutdown: {}
